PlayerName,PlayerNation,Username,DOB,Experience,Role,GearModel,GearType,GearManufacturer,StartingPrice,GearLink,UsedGearSince,TeamName,TeamSponsor,TeamFounded,MatchID,MatchTime,MatchScore,MatchWatchTime,MatchStats,GameName,EventName,EventLivestream,EventLocation,EventStart,EventEnd,HostOrgName,EventSponsor,HostOrgContact,TeamPlacement
Johan Sundstein,Denmark,N0tail,1/1/2001,3,Tank,DeathAdder,Mouse,Razer,27,https://www.googleadservices.com/pagead/aclk?sa=L&ai=DChcSEwje5rLt9dWDAxV2U0cBHY5qCMsYABANGgJxdQ&ase=2&gclid=Cj0KCQiAwP6sBhDAARIsAPfK_wY-cLaR6VYeLudj3-vvMSxgTjg_0rZ7zQDGrbeUFqIgihCF1r07QOcaAtNfEALw_wcB&ohost=www.google.com&cid=CAESVuD2fatcEpQmYOLJ0UKOtNc3M-DyJ26mwdy7zYvdn2ssZfQsWkvo6TySfxK7qtFNr6qjRde_fC1LoZ7YgesdhboKAdOtkflIgqOn5Z4ZH7zD0KI3T9m1&sig=AOD64_0G9fM9SbVIjX71L28F5wp1ltFHSw&ctype=5&q=&nis=4&ved=2ahUKEwintqvt9dWDAxV9mYkEHaCZBEMQ9aACKAB6BAgDEC0&adurl=,5/23/2021,G2,Red Bull,2013,1,2022-11-27 23:36:12,2-0,9.11106,,Valorant,VALORANT Challengers 2024,https://www.youtube.com/watch?v=dQw4w9WgXcQ,United States,11/27/2022,11/30/2022,Riot,Prime Gaming,prime@fakecontact.org,3
Johan Sundstein,Denmark,N0tail,1/2/2001,4,Tank,RK61,Keyboard,Royal Kludge,50,https://www.googleadservices.com/pagead/aclk?sa=L&ai=DChcSEwiIvruw99WDAxWgTEcBHe6-BY4YABAOGgJxdQ&ase=2&gclid=Cj0KCQiAwP6sBhDAARIsAPfK_wYXRS4GUA-SWkpuzwEBWVEy_mt_Z5ya8P0mdhiQeXj4Mxkt0uvf7vQaAhJREALw_wcB&ohost=www.google.com&cid=CAESVuD2jg7K_xIaeddM_VmYaGIOvXKX0TY3EZfbi-TBQSflNEgeFh6Qs9vhZXLtqJhq5RjPZPeJXrGpACoBGBqOOObdLmzGRTxJz40qUbfrDQ4uvWilS0aH&sig=AOD64_3rMuucz_n39ICm_QHUiz7jMos4iA&ctype=5&q=&nis=4&ved=2ahUKEwjJ5LOw99WDAxXNjIkEHRDMCNwQ9aACKAB6BAgBEBk&adurl=,2/28/2023,G2,Red Bull,2013,1,2022-11-27 23:36:12,2-0,9.11106,,Valorant,VALORANT Challengers 2024,https://www.youtube.com/watch?v=dQw4w9WgXcQ,United States,11/27/2022,11/30/2022,Riot,Prime Gaming,prime@fakecontact.org,3
Johan Sundstein,Denmark,N0tail,1/3/2001,5,Tank,"Nitro 27""",Monitor,Acer,200,https://www.googleadservices.com/pagead/aclk?sa=L&ai=DChcSEwjr2oqJ-dWDAxUuZ0cBHWltDIwYABALGgJxdQ&ase=2&gclid=Cj0KCQiAwP6sBhDAARIsAPfK_wZiJ2RSZdydyvaJGfJGP6AAdb4d5WmeFSNlT5NtnnkU0kxwwXttLaEaAqKgEALw_wcB&ohost=www.google.com&cid=CAESVuD2VyIaI_4Jx4ZjPRufTaoLRvGIB5Oo1KmMRB57Lk1Qi7Mx40Trkl4N8OmE5bUupenztSOb1xX-MmJeNSx7wr6SOJrm0KyZHNaeVUUlxRrRFo1jemWD&sig=AOD64_1OZD2VVWl_wDHZ21vFQKlF-JOu0Q&ctype=5&q=&nis=4&ved=2ahUKEwi8jISJ-dWDAxXrkokEHZ0-DJYQ9aACKAB6BAgCEA8&adurl=,1/1/2022,G2,Red Bull,2013,1,2022-11-27 23:36:12,2-0,9.11106,,Valorant,VALORANT Challengers 2024,https://www.youtube.com/watch?v=dQw4w9WgXcQ,United States,11/27/2022,11/30/2022,Riot,Prime Gaming,prime@fakecontact.org,3
Johan Sundstein,Denmark,N0tail,1/4/2001,6,Tank,Cloud Alpha,Headphones,HyperX,90,https://www.googleadservices.com/pagead/aclk?sa=L&ai=DChcSEwjg_cHa-tWDAxV5akcBHbo2AbAYABALGgJxdQ&ase=2&gclid=Cj0KCQiAwP6sBhDAARIsAPfK_wYuhjm_dyS5BOa5Aog4zhoJwhwNAI0JF4bhN-1d3lIHH1fVHOP4UUkaAmMREALw_wcB&ohost=www.google.com&cid=CAESVuD282lp5P79DCiKzjUIm8cKRnP0XZ9PewZMTNNmpYGgKHeWAWKeskz0ZW1q98HxJG-RL4sHRItS4b_n7OeK6tgUuwEEcawHRZjutZY8sEmSL4adCeFk&sig=AOD64_11sm9Pq_yYfTEkmOnHwqPsLClrfA&ctype=5&q=&nis=4&ved=2ahUKEwiuirva-tWDAxUypIkEHXKABeIQ9aACKAB6BAgBECM&adurl=,9/29/2023,G2,Red Bull,2013,1,2022-11-27 23:36:12,2-0,9.11106,,Valorant,VALORANT Challengers 2024,https://www.youtube.com/watch?v=dQw4w9WgXcQ,United States,11/27/2022,11/30/2022,Riot,Prime Gaming,prime@fakecontact.org,3
Johan Sundstein,Denmark,N0tail,1/1/2001,3,Tank,DeathAdder,Mouse,Razer,27,https://www.googleadservices.com/pagead/aclk?sa=L&ai=DChcSEwje5rLt9dWDAxV2U0cBHY5qCMsYABANGgJxdQ&ase=2&gclid=Cj0KCQiAwP6sBhDAARIsAPfK_wY-cLaR6VYeLudj3-vvMSxgTjg_0rZ7zQDGrbeUFqIgihCF1r07QOcaAtNfEALw_wcB&ohost=www.google.com&cid=CAESVuD2fatcEpQmYOLJ0UKOtNc3M-DyJ26mwdy7zYvdn2ssZfQsWkvo6TySfxK7qtFNr6qjRde_fC1LoZ7YgesdhboKAdOtkflIgqOn5Z4ZH7zD0KI3T9m1&sig=AOD64_0G9fM9SbVIjX71L28F5wp1ltFHSw&ctype=5&q=&nis=4&ved=2ahUKEwintqvt9dWDAxV9mYkEHaCZBEMQ9aACKAB6BAgDEC0&adurl=,5/23/2021,G2,Red Bull,2013,2,2021-06-07 10:46:59,5-1,18.22212,,Valorant,VALORANT Challengers 2024,https://www.youtube.com/watch?v=dQw4w9WgXcQ,United States,11/27/2022,11/30/2022,Riot,Prime Gaming,prime@fakecontact.org,3
Johan Sundstein,Denmark,N0tail,1/2/2001,4,Tank,RK61,Keyboard,Royal Kludge,50,https://www.googleadservices.com/pagead/aclk?sa=L&ai=DChcSEwiIvruw99WDAxWgTEcBHe6-BY4YABAOGgJxdQ&ase=2&gclid=Cj0KCQiAwP6sBhDAARIsAPfK_wYXRS4GUA-SWkpuzwEBWVEy_mt_Z5ya8P0mdhiQeXj4Mxkt0uvf7vQaAhJREALw_wcB&ohost=www.google.com&cid=CAESVuD2jg7K_xIaeddM_VmYaGIOvXKX0TY3EZfbi-TBQSflNEgeFh6Qs9vhZXLtqJhq5RjPZPeJXrGpACoBGBqOOObdLmzGRTxJz40qUbfrDQ4uvWilS0aH&sig=AOD64_3rMuucz_n39ICm_QHUiz7jMos4iA&ctype=5&q=&nis=4&ved=2ahUKEwjJ5LOw99WDAxXNjIkEHRDMCNwQ9aACKAB6BAgBEBk&adurl=,2/28/2023,G2,Red Bull,2013,2,2021-06-07 10:46:59,5-1,18.22212,,Valorant,VALORANT Challengers 2024,https://www.youtube.com/watch?v=dQw4w9WgXcQ,United States,11/27/2022,11/30/2022,Riot,Prime Gaming,prime@fakecontact.org,3
Johan Sundstein,Denmark,N0tail,1/3/2001,5,Tank,"Nitro 27""",Monitor,Acer,200,https://www.googleadservices.com/pagead/aclk?sa=L&ai=DChcSEwjr2oqJ-dWDAxUuZ0cBHWltDIwYABALGgJxdQ&ase=2&gclid=Cj0KCQiAwP6sBhDAARIsAPfK_wZiJ2RSZdydyvaJGfJGP6AAdb4d5WmeFSNlT5NtnnkU0kxwwXttLaEaAqKgEALw_wcB&ohost=www.google.com&cid=CAESVuD2VyIaI_4Jx4ZjPRufTaoLRvGIB5Oo1KmMRB57Lk1Qi7Mx40Trkl4N8OmE5bUupenztSOb1xX-MmJeNSx7wr6SOJrm0KyZHNaeVUUlxRrRFo1jemWD&sig=AOD64_1OZD2VVWl_wDHZ21vFQKlF-JOu0Q&ctype=5&q=&nis=4&ved=2ahUKEwi8jISJ-dWDAxXrkokEHZ0-DJYQ9aACKAB6BAgCEA8&adurl=,1/1/2022,G2,Red Bull,2013,2,2021-06-07 10:46:59,5-1,18.22212,,Valorant,VALORANT Challengers 2024,https://www.youtube.com/watch?v=dQw4w9WgXcQ,United States,11/27/2022,11/30/2022,Riot,Prime Gaming,prime@fakecontact.org,3
Johan Sundstein,Denmark,N0tail,1/4/2001,6,Tank,Cloud Alpha,Headphones,HyperX,90,https://www.googleadservices.com/pagead/aclk?sa=L&ai=DChcSEwjg_cHa-tWDAxV5akcBHbo2AbAYABALGgJxdQ&ase=2&gclid=Cj0KCQiAwP6sBhDAARIsAPfK_wYuhjm_dyS5BOa5Aog4zhoJwhwNAI0JF4bhN-1d3lIHH1fVHOP4UUkaAmMREALw_wcB&ohost=www.google.com&cid=CAESVuD282lp5P79DCiKzjUIm8cKRnP0XZ9PewZMTNNmpYGgKHeWAWKeskz0ZW1q98HxJG-RL4sHRItS4b_n7OeK6tgUuwEEcawHRZjutZY8sEmSL4adCeFk&sig=AOD64_11sm9Pq_yYfTEkmOnHwqPsLClrfA&ctype=5&q=&nis=4&ved=2ahUKEwiuirva-tWDAxUypIkEHXKABeIQ9aACKAB6BAgBECM&adurl=,9/29/2023,G2,Red Bull,2013,2,2021-06-07 10:46:59,5-1,18.22212,,Valorant,VALORANT Challengers 2024,https://www.youtube.com/watch?v=dQw4w9WgXcQ,United States,11/27/2022,11/30/2022,Riot,Prime Gaming,prime@fakecontact.org,3
Johan Sundstein,Denmark,N0tail,1/1/2001,3,Tank,DeathAdder,Mouse,Razer,27,https://www.googleadservices.com/pagead/aclk?sa=L&ai=DChcSEwje5rLt9dWDAxV2U0cBHY5qCMsYABANGgJxdQ&ase=2&gclid=Cj0KCQiAwP6sBhDAARIsAPfK_wY-cLaR6VYeLudj3-vvMSxgTjg_0rZ7zQDGrbeUFqIgihCF1r07QOcaAtNfEALw_wcB&ohost=www.google.com&cid=CAESVuD2fatcEpQmYOLJ0UKOtNc3M-DyJ26mwdy7zYvdn2ssZfQsWkvo6TySfxK7qtFNr6qjRde_fC1LoZ7YgesdhboKAdOtkflIgqOn5Z4ZH7zD0KI3T9m1&sig=AOD64_0G9fM9SbVIjX71L28F5wp1ltFHSw&ctype=5&q=&nis=4&ved=2ahUKEwintqvt9dWDAxV9mYkEHaCZBEMQ9aACKAB6BAgDEC0&adurl=,5/23/2021,G2,Red Bull,2013,3,2021-07-09 19:33:23,2-2,27.33318,,Valorant,VALORANT Challengers 2024,https://www.youtube.com/watch?v=dQw4w9WgXcQ,United States,11/27/2022,11/30/2022,Riot,Prime Gaming,prime@fakecontact.org,3
Johan Sundstein,Denmark,N0tail,1/2/2001,4,Tank,RK61,Keyboard,Royal Kludge,50,https://www.googleadservices.com/pagead/aclk?sa=L&ai=DChcSEwiIvruw99WDAxWgTEcBHe6-BY4YABAOGgJxdQ&ase=2&gclid=Cj0KCQiAwP6sBhDAARIsAPfK_wYXRS4GUA-SWkpuzwEBWVEy_mt_Z5ya8P0mdhiQeXj4Mxkt0uvf7vQaAhJREALw_wcB&ohost=www.google.com&cid=CAESVuD2jg7K_xIaeddM_VmYaGIOvXKX0TY3EZfbi-TBQSflNEgeFh6Qs9vhZXLtqJhq5RjPZPeJXrGpACoBGBqOOObdLmzGRTxJz40qUbfrDQ4uvWilS0aH&sig=AOD64_3rMuucz_n39ICm_QHUiz7jMos4iA&ctype=5&q=&nis=4&ved=2ahUKEwjJ5LOw99WDAxXNjIkEHRDMCNwQ9aACKAB6BAgBEBk&adurl=,2/28/2023,G2,Red Bull,2013,3,2021-07-09 19:33:23,2-2,27.33318,,Valorant,VALORANT Challengers 2024,https://www.youtube.com/watch?v=dQw4w9WgXcQ,United States,11/27/2022,11/30/2022,Riot,Prime Gaming,prime@fakecontact.org,3
Johan Sundstein,Denmark,N0tail,1/3/2001,5,Tank,"Nitro 27""",Monitor,Acer,200,https://www.googleadservices.com/pagead/aclk?sa=L&ai=DChcSEwjr2oqJ-dWDAxUuZ0cBHWltDIwYABALGgJxdQ&ase=2&gclid=Cj0KCQiAwP6sBhDAARIsAPfK_wZiJ2RSZdydyvaJGfJGP6AAdb4d5WmeFSNlT5NtnnkU0kxwwXttLaEaAqKgEALw_wcB&ohost=www.google.com&cid=CAESVuD2VyIaI_4Jx4ZjPRufTaoLRvGIB5Oo1KmMRB57Lk1Qi7Mx40Trkl4N8OmE5bUupenztSOb1xX-MmJeNSx7wr6SOJrm0KyZHNaeVUUlxRrRFo1jemWD&sig=AOD64_1OZD2VVWl_wDHZ21vFQKlF-JOu0Q&ctype=5&q=&nis=4&ved=2ahUKEwi8jISJ-dWDAxXrkokEHZ0-DJYQ9aACKAB6BAgCEA8&adurl=,1/1/2022,G2,Red Bull,2013,3,2021-07-09 19:33:23,2-2,27.33318,,Valorant,VALORANT Challengers 2024,https://www.youtube.com/watch?v=dQw4w9WgXcQ,United States,11/27/2022,11/30/2022,Riot,Prime Gaming,prime@fakecontact.org,3
Johan Sundstein,Denmark,N0tail,1/4/2001,6,Tank,Cloud Alpha,Headphones,HyperX,90,https://www.googleadservices.com/pagead/aclk?sa=L&ai=DChcSEwjg_cHa-tWDAxV5akcBHbo2AbAYABALGgJxdQ&ase=2&gclid=Cj0KCQiAwP6sBhDAARIsAPfK_wYuhjm_dyS5BOa5Aog4zhoJwhwNAI0JF4bhN-1d3lIHH1fVHOP4UUkaAmMREALw_wcB&ohost=www.google.com&cid=CAESVuD282lp5P79DCiKzjUIm8cKRnP0XZ9PewZMTNNmpYGgKHeWAWKeskz0ZW1q98HxJG-RL4sHRItS4b_n7OeK6tgUuwEEcawHRZjutZY8sEmSL4adCeFk&sig=AOD64_11sm9Pq_yYfTEkmOnHwqPsLClrfA&ctype=5&q=&nis=4&ved=2ahUKEwiuirva-tWDAxUypIkEHXKABeIQ9aACKAB6BAgBECM&adurl=,9/29/2023,G2,Red Bull,2013,3,2021-07-09 19:33:23,2-2,27.33318,,Valorant,VALORANT Challengers 2024,https://www.youtube.com/watch?v=dQw4w9WgXcQ,United States,11/27/2022,11/30/2022,Riot,Prime Gaming,prime@fakecontact.org,3
Jesse Vainikka,Finland,JerAx,5/9/2002,6,Team Leader,G502 Hero,Mouse,Logitech,109,https://www.googleadservices.com/pagead/aclk?sa=L&ai=DChcSEwje5rLt9dWDAxV2U0cBHY5qCMsYABALGgJxdQ&ase=2&gclid=Cj0KCQiAwP6sBhDAARIsAPfK_wZWpGeDn5QpnwB2Mtw8f-PJm6T1Q5O0yvSU5hL0USvC5BsDTw1A3OQaApVUEALw_wcB&ohost=www.google.com&cid=CAESVuD2fatcEpQmYOLJ0UKOtNc3M-DyJ26mwdy7zYvdn2ssZfQsWkvo6TySfxK7qtFNr6qjRde_fC1LoZ7YgesdhboKAdOtkflIgqOn5Z4ZH7zD0KI3T9m1&sig=AOD64_0djkQQf_4GaRlffsUOoVZa0P2Z_w&ctype=5&q=&nis=4&ved=2ahUKEwintqvt9dWDAxV9mYkEHaCZBEMQ9aACKAB6BAgDEA8&adurl=,4/28/2019,Team Liquid,Samsung,2000,6,2021-04-10 00:35:01,3-5,54.66636,,CSGO,PGL CS2 Major,https://www.youtube.com/watch?v=dQw4w9WgXcQ,Copenhagen,4/10/2021,4/15/2021,Red Bull,Valve,red@fakecontact.org,6
Jesse Vainikka,Finland,JerAx,5/10/2002,7,Team Leader,G713,Keyboard,Logitech,170,https://www.googleadservices.com/pagead/aclk?sa=L&ai=DChcSEwiIvruw99WDAxWgTEcBHe6-BY4YABAWGgJxdQ&ase=2&gclid=Cj0KCQiAwP6sBhDAARIsAPfK_warRxDFmTwm9Cnr9rRqbUvtc_St0k-iuYTqVf_DbnjIRSdp-GWykQ8aAnOSEALw_wcB&ohost=www.google.com&cid=CAESVuD2jg7K_xIaeddM_VmYaGIOvXKX0TY3EZfbi-TBQSflNEgeFh6Qs9vhZXLtqJhq5RjPZPeJXrGpACoBGBqOOObdLmzGRTxJz40qUbfrDQ4uvWilS0aH&sig=AOD64_3Civ90UfseoOf4Zd7WjVK9k3dZRw&ctype=5&q=&nis=4&ved=2ahUKEwjJ5LOw99WDAxXNjIkEHRDMCNwQ9aACKAB6BAgBEG8&adurl=,4/28/2019,Team Liquid,Samsung,2000,6,2021-04-10 00:35:01,3-5,54.66636,,CSGO,PGL CS2 Major,https://www.youtube.com/watch?v=dQw4w9WgXcQ,Copenhagen,4/10/2021,4/15/2021,Red Bull,Valve,red@fakecontact.org,6
Jesse Vainikka,Finland,JerAx,5/11/2002,8,Team Leader,AW2724HF,Monitor,Alienware,460,https://www.googleadservices.com/pagead/aclk?sa=L&ai=DChcSEwjr2oqJ-dWDAxUuZ0cBHWltDIwYABAMGgJxdQ&ase=2&gclid=Cj0KCQiAwP6sBhDAARIsAPfK_waDjgsr6sHbwnkm82wPmc3P2eSCPghvmUpjhdAy80_IbXUe77hOeTQaAiGfEALw_wcB&ohost=www.google.com&cid=CAESVuD2VyIaI_4Jx4ZjPRufTaoLRvGIB5Oo1KmMRB57Lk1Qi7Mx40Trkl4N8OmE5bUupenztSOb1xX-MmJeNSx7wr6SOJrm0KyZHNaeVUUlxRrRFo1jemWD&sig=AOD64_31suaQo_qSBH_EmLFv_Hi3LebZzQ&ctype=5&q=&nis=4&ved=2ahUKEwi8jISJ-dWDAxXrkokEHZ0-DJYQ9aACKAB6BAgCEDE&adurl=,4/28/2019,Team Liquid,Samsung,2000,6,2021-04-10 00:35:01,3-5,54.66636,,CSGO,PGL CS2 Major,https://www.youtube.com/watch?v=dQw4w9WgXcQ,Copenhagen,4/10/2021,4/15/2021,Red Bull,Valve,red@fakecontact.org,6
Jesse Vainikka,Finland,JerAx,5/12/2002,9,Team Leader,G735,Headphones,Logitech,230,https://www.googleadservices.com/pagead/aclk?sa=L&ai=DChcSEwjg_cHa-tWDAxV5akcBHbo2AbAYABAPGgJxdQ&ase=2&gclid=Cj0KCQiAwP6sBhDAARIsAPfK_wa5XGfPsaNA3los0KAcHLv_wnflf5YIyGGK4JTziJ1lcp869f0cZfwaAlS8EALw_wcB&ohost=www.google.com&cid=CAESVuD282lp5P79DCiKzjUIm8cKRnP0XZ9PewZMTNNmpYGgKHeWAWKeskz0ZW1q98HxJG-RL4sHRItS4b_n7OeK6tgUuwEEcawHRZjutZY8sEmSL4adCeFk&sig=AOD64_0wIKx7hIIfdRPnxGN1heOlPNtrFQ&ctype=46&q=&nis=4&ved=2ahUKEwiuirva-tWDAxUypIkEHXKABeIQ9aACKAB6BAgBED0&adurl=,4/28/2019,Team Liquid,Samsung,2000,6,2021-04-10 00:35:01,3-5,54.66636,,CSGO,PGL CS2 Major,https://www.youtube.com/watch?v=dQw4w9WgXcQ,Copenhagen,4/10/2021,4/15/2021,Red Bull,Valve,red@fakecontact.org,6
Jesse Vainikka,Finland,JerAx,5/9/2002,6,Team Leader,G502 Hero,Mouse,Logitech,109,https://www.googleadservices.com/pagead/aclk?sa=L&ai=DChcSEwje5rLt9dWDAxV2U0cBHY5qCMsYABALGgJxdQ&ase=2&gclid=Cj0KCQiAwP6sBhDAARIsAPfK_wZWpGeDn5QpnwB2Mtw8f-PJm6T1Q5O0yvSU5hL0USvC5BsDTw1A3OQaApVUEALw_wcB&ohost=www.google.com&cid=CAESVuD2fatcEpQmYOLJ0UKOtNc3M-DyJ26mwdy7zYvdn2ssZfQsWkvo6TySfxK7qtFNr6qjRde_fC1LoZ7YgesdhboKAdOtkflIgqOn5Z4ZH7zD0KI3T9m1&sig=AOD64_0djkQQf_4GaRlffsUOoVZa0P2Z_w&ctype=5&q=&nis=4&ved=2ahUKEwintqvt9dWDAxV9mYkEHaCZBEMQ9aACKAB6BAgDEA8&adurl=,4/28/2019,Team Liquid,Samsung,2000,9,2022-11-16 17:22:10,5-2,81.99954,,CSGO,PGL CS2 Major,https://www.youtube.com/watch?v=dQw4w9WgXcQ,Copenhagen,4/10/2021,4/15/2021,Red Bull,Valve,red@fakecontact.org,6
Jesse Vainikka,Finland,JerAx,5/10/2002,7,Team Leader,G713,Keyboard,Logitech,170,https://www.googleadservices.com/pagead/aclk?sa=L&ai=DChcSEwiIvruw99WDAxWgTEcBHe6-BY4YABAWGgJxdQ&ase=2&gclid=Cj0KCQiAwP6sBhDAARIsAPfK_warRxDFmTwm9Cnr9rRqbUvtc_St0k-iuYTqVf_DbnjIRSdp-GWykQ8aAnOSEALw_wcB&ohost=www.google.com&cid=CAESVuD2jg7K_xIaeddM_VmYaGIOvXKX0TY3EZfbi-TBQSflNEgeFh6Qs9vhZXLtqJhq5RjPZPeJXrGpACoBGBqOOObdLmzGRTxJz40qUbfrDQ4uvWilS0aH&sig=AOD64_3Civ90UfseoOf4Zd7WjVK9k3dZRw&ctype=5&q=&nis=4&ved=2ahUKEwjJ5LOw99WDAxXNjIkEHRDMCNwQ9aACKAB6BAgBEG8&adurl=,4/28/2019,Team Liquid,Samsung,2000,9,2022-11-16 17:22:10,5-2,81.99954,,CSGO,PGL CS2 Major,https://www.youtube.com/watch?v=dQw4w9WgXcQ,Copenhagen,4/10/2021,4/15/2021,Red Bull,Valve,red@fakecontact.org,6
Jesse Vainikka,Finland,JerAx,5/11/2002,8,Team Leader,AW2724HF,Monitor,Alienware,460,https://www.googleadservices.com/pagead/aclk?sa=L&ai=DChcSEwjr2oqJ-dWDAxUuZ0cBHWltDIwYABAMGgJxdQ&ase=2&gclid=Cj0KCQiAwP6sBhDAARIsAPfK_waDjgsr6sHbwnkm82wPmc3P2eSCPghvmUpjhdAy80_IbXUe77hOeTQaAiGfEALw_wcB&ohost=www.google.com&cid=CAESVuD2VyIaI_4Jx4ZjPRufTaoLRvGIB5Oo1KmMRB57Lk1Qi7Mx40Trkl4N8OmE5bUupenztSOb1xX-MmJeNSx7wr6SOJrm0KyZHNaeVUUlxRrRFo1jemWD&sig=AOD64_31suaQo_qSBH_EmLFv_Hi3LebZzQ&ctype=5&q=&nis=4&ved=2ahUKEwi8jISJ-dWDAxXrkokEHZ0-DJYQ9aACKAB6BAgCEDE&adurl=,4/28/2019,Team Liquid,Samsung,2000,9,2022-11-16 17:22:10,5-2,81.99954,,CSGO,PGL CS2 Major,https://www.youtube.com/watch?v=dQw4w9WgXcQ,Copenhagen,4/10/2021,4/15/2021,Red Bull,Valve,red@fakecontact.org,6
Jesse Vainikka,Finland,JerAx,5/12/2002,9,Team Leader,G735,Headphones,Logitech,230,https://www.googleadservices.com/pagead/aclk?sa=L&ai=DChcSEwjg_cHa-tWDAxV5akcBHbo2AbAYABAPGgJxdQ&ase=2&gclid=Cj0KCQiAwP6sBhDAARIsAPfK_wa5XGfPsaNA3los0KAcHLv_wnflf5YIyGGK4JTziJ1lcp869f0cZfwaAlS8EALw_wcB&ohost=www.google.com&cid=CAESVuD282lp5P79DCiKzjUIm8cKRnP0XZ9PewZMTNNmpYGgKHeWAWKeskz0ZW1q98HxJG-RL4sHRItS4b_n7OeK6tgUuwEEcawHRZjutZY8sEmSL4adCeFk&sig=AOD64_0wIKx7hIIfdRPnxGN1heOlPNtrFQ&ctype=46&q=&nis=4&ved=2ahUKEwiuirva-tWDAxUypIkEHXKABeIQ9aACKAB6BAgBED0&adurl=,4/28/2019,Team Liquid,Samsung,2000,9,2022-11-16 17:22:10,5-2,81.99954,,CSGO,PGL CS2 Major,https://www.youtube.com/watch?v=dQw4w9WgXcQ,Copenhagen,4/10/2021,4/15/2021,Red Bull,Valve,red@fakecontact.org,6
Jesse Vainikka,Finland,JerAx,5/9/2002,6,Team Leader,G502 Hero,Mouse,Logitech,109,https://www.googleadservices.com/pagead/aclk?sa=L&ai=DChcSEwje5rLt9dWDAxV2U0cBHY5qCMsYABALGgJxdQ&ase=2&gclid=Cj0KCQiAwP6sBhDAARIsAPfK_wZWpGeDn5QpnwB2Mtw8f-PJm6T1Q5O0yvSU5hL0USvC5BsDTw1A3OQaApVUEALw_wcB&ohost=www.google.com&cid=CAESVuD2fatcEpQmYOLJ0UKOtNc3M-DyJ26mwdy7zYvdn2ssZfQsWkvo6TySfxK7qtFNr6qjRde_fC1LoZ7YgesdhboKAdOtkflIgqOn5Z4ZH7zD0KI3T9m1&sig=AOD64_0djkQQf_4GaRlffsUOoVZa0P2Z_w&ctype=5&q=&nis=4&ved=2ahUKEwintqvt9dWDAxV9mYkEHaCZBEMQ9aACKAB6BAgDEA8&adurl=,4/28/2019,Team Liquid,Samsung,2000,7,2023-09-13 01:34:47,0-4,63.77742,,CSGO,PGL CS2 Major,https://www.youtube.com/watch?v=dQw4w9WgXcQ,Copenhagen,4/10/2021,4/15/2021,Red Bull,Valve,red@fakecontact.org,6
Jesse Vainikka,Finland,JerAx,5/10/2002,7,Team Leader,G713,Keyboard,Logitech,170,https://www.googleadservices.com/pagead/aclk?sa=L&ai=DChcSEwiIvruw99WDAxWgTEcBHe6-BY4YABAWGgJxdQ&ase=2&gclid=Cj0KCQiAwP6sBhDAARIsAPfK_warRxDFmTwm9Cnr9rRqbUvtc_St0k-iuYTqVf_DbnjIRSdp-GWykQ8aAnOSEALw_wcB&ohost=www.google.com&cid=CAESVuD2jg7K_xIaeddM_VmYaGIOvXKX0TY3EZfbi-TBQSflNEgeFh6Qs9vhZXLtqJhq5RjPZPeJXrGpACoBGBqOOObdLmzGRTxJz40qUbfrDQ4uvWilS0aH&sig=AOD64_3Civ90UfseoOf4Zd7WjVK9k3dZRw&ctype=5&q=&nis=4&ved=2ahUKEwjJ5LOw99WDAxXNjIkEHRDMCNwQ9aACKAB6BAgBEG8&adurl=,4/28/2019,Team Liquid,Samsung,2000,7,2023-09-13 01:34:47,0-4,63.77742,,CSGO,PGL CS2 Major,https://www.youtube.com/watch?v=dQw4w9WgXcQ,Copenhagen,4/10/2021,4/15/2021,Red Bull,Valve,red@fakecontact.org,6
Jesse Vainikka,Finland,JerAx,5/11/2002,8,Team Leader,AW2724HF,Monitor,Alienware,460,https://www.googleadservices.com/pagead/aclk?sa=L&ai=DChcSEwjr2oqJ-dWDAxUuZ0cBHWltDIwYABAMGgJxdQ&ase=2&gclid=Cj0KCQiAwP6sBhDAARIsAPfK_waDjgsr6sHbwnkm82wPmc3P2eSCPghvmUpjhdAy80_IbXUe77hOeTQaAiGfEALw_wcB&ohost=www.google.com&cid=CAESVuD2VyIaI_4Jx4ZjPRufTaoLRvGIB5Oo1KmMRB57Lk1Qi7Mx40Trkl4N8OmE5bUupenztSOb1xX-MmJeNSx7wr6SOJrm0KyZHNaeVUUlxRrRFo1jemWD&sig=AOD64_31suaQo_qSBH_EmLFv_Hi3LebZzQ&ctype=5&q=&nis=4&ved=2ahUKEwi8jISJ-dWDAxXrkokEHZ0-DJYQ9aACKAB6BAgCEDE&adurl=,4/28/2019,Team Liquid,Samsung,2000,7,2023-09-13 01:34:47,0-4,63.77742,,CSGO,PGL CS2 Major,https://www.youtube.com/watch?v=dQw4w9WgXcQ,Copenhagen,4/10/2021,4/15/2021,Red Bull,Valve,red@fakecontact.org,6
Jesse Vainikka,Finland,JerAx,5/12/2002,9,Team Leader,G735,Headphones,Logitech,230,https://www.googleadservices.com/pagead/aclk?sa=L&ai=DChcSEwjg_cHa-tWDAxV5akcBHbo2AbAYABAPGgJxdQ&ase=2&gclid=Cj0KCQiAwP6sBhDAARIsAPfK_wa5XGfPsaNA3los0KAcHLv_wnflf5YIyGGK4JTziJ1lcp869f0cZfwaAlS8EALw_wcB&ohost=www.google.com&cid=CAESVuD282lp5P79DCiKzjUIm8cKRnP0XZ9PewZMTNNmpYGgKHeWAWKeskz0ZW1q98HxJG-RL4sHRItS4b_n7OeK6tgUuwEEcawHRZjutZY8sEmSL4adCeFk&sig=AOD64_0wIKx7hIIfdRPnxGN1heOlPNtrFQ&ctype=46&q=&nis=4&ved=2ahUKEwiuirva-tWDAxUypIkEHXKABeIQ9aACKAB6BAgBED0&adurl=,4/28/2019,Team Liquid,Samsung,2000,7,2023-09-13 01:34:47,0-4,63.77742,,CSGO,PGL CS2 Major,https://www.youtube.com/watch?v=dQw4w9WgXcQ,Copenhagen,4/10/2021,4/15/2021,Red Bull,Valve,red@fakecontact.org,6
Anathan Pham,Australia,ana,3/24/1998,5,Support,Aerox 3,Mouse,Steel Series,89,https://www.googleadservices.com/pagead/aclk?sa=L&ai=DChcSEwje5rLt9dWDAxV2U0cBHY5qCMsYABAMGgJxdQ&ase=2&gclid=Cj0KCQiAwP6sBhDAARIsAPfK_wbSLEeVNaE6BKei8Dh0j2rOBDqqZ6GohhFDK0P1Hosqvccn-sxdxNgaAl_MEALw_wcB&ohost=www.google.com&cid=CAESVuD2fatcEpQmYOLJ0UKOtNc3M-DyJ26mwdy7zYvdn2ssZfQsWkvo6TySfxK7qtFNr6qjRde_fC1LoZ7YgesdhboKAdOtkflIgqOn5Z4ZH7zD0KI3T9m1&sig=AOD64_3MlntPqqQXCqOmfEIjlPyWilfJtQ&ctype=5&q=&nis=4&ved=2ahUKEwintqvt9dWDAxV9mYkEHaCZBEMQ9aACKAB6BAgDEBk&adurl=,9/8/2022,Cloud9,Microsoft,2012,11,2021-02-17 14:08:22,2-2,100.22166,,League of Legends,LEC Winter 2024,https://www.youtube.com/watch?v=dQw4w9WgXcQ,London,2/17/2021,2/20/2021,Twitch,Mercedes Benz,ceo@twitch.com,1
Anathan Pham,Australia,ana,3/25/1998,6,Support,Apex Pro,Keyboard,Steel Series,190,https://www.googleadservices.com/pagead/aclk?sa=L&ai=DChcSEwiIvruw99WDAxWgTEcBHe6-BY4YABAJGgJxdQ&ase=2&gclid=Cj0KCQiAwP6sBhDAARIsAPfK_wYNCLsiZzhSB-8bJl2FP_MquRqP3ZUBPBUpzCjdf96bGmJaHVf0yg8aAsnkEALw_wcB&ohost=www.google.com&cid=CAESVuD2jg7K_xIaeddM_VmYaGIOvXKX0TY3EZfbi-TBQSflNEgeFh6Qs9vhZXLtqJhq5RjPZPeJXrGpACoBGBqOOObdLmzGRTxJz40qUbfrDQ4uvWilS0aH&sig=AOD64_2SQT0CFjXXw8kJINFwBSx-YIabRQ&ctype=5&q=&nis=4&ved=2ahUKEwjJ5LOw99WDAxXNjIkEHRDMCNwQ9aACKAB6BAgBEA8&adurl=,3/18/2019,Cloud9,Microsoft,2012,11,2021-02-17 14:08:22,2-2,100.22166,,League of Legends,LEC Winter 2024,https://www.youtube.com/watch?v=dQw4w9WgXcQ,London,2/17/2021,2/20/2021,Twitch,Mercedes Benz,ceo@twitch.com,1
Anathan Pham,Australia,ana,3/26/1998,7,Support,"Dell Curved Gaming 34""",Monitor,Dell,400,https://www.googleadservices.com/pagead/aclk?sa=L&ai=DChcSEwjr2oqJ-dWDAxUuZ0cBHWltDIwYABANGgJxdQ&ase=2&gclid=Cj0KCQiAwP6sBhDAARIsAPfK_wbgeJ4UQM0Dd29L--c620Y6wBpJ4nMFPkCMJCBYH9X1-uCdcrYAwUUaAkCCEALw_wcB&ohost=www.google.com&cid=CAESVuD2VyIaI_4Jx4ZjPRufTaoLRvGIB5Oo1KmMRB57Lk1Qi7Mx40Trkl4N8OmE5bUupenztSOb1xX-MmJeNSx7wr6SOJrm0KyZHNaeVUUlxRrRFo1jemWD&sig=AOD64_0JeWiZfAAav4XG3jbN1Qa3EJwqkw&ctype=5&q=&nis=4&ved=2ahUKEwi8jISJ-dWDAxXrkokEHZ0-DJYQ9aACKAB6BAgCEF8&adurl=,9/30/2018,Cloud9,Microsoft,2012,11,2021-02-17 14:08:22,2-2,100.22166,,League of Legends,LEC Winter 2024,https://www.youtube.com/watch?v=dQw4w9WgXcQ,London,2/17/2021,2/20/2021,Twitch,Mercedes Benz,ceo@twitch.com,1
Anathan Pham,Australia,ana,3/27/1998,8,Support,DT 990,Headphones,beyerdynamic,169,https://www.googleadservices.com/pagead/aclk?sa=L&ai=DChcSEwjr2oqJ-dWDAxUuZ0cBHWltDIwYABANGgJxdQ&ase=2&gclid=Cj0KCQiAwP6sBhDAARIsAPfK_wbgeJ4UQM0Dd29L--c620Y6wBpJ4nMFPkCMJCBYH9X1-uCdcrYAwUUaAkCCEALw_wcB&ohost=www.google.com&cid=CAESVuD2VyIaI_4Jx4ZjPRufTaoLRvGIB5Oo1KmMRB57Lk1Qi7Mx40Trkl4N8OmE5bUupenztSOb1xX-MmJeNSx7wr6SOJrm0KyZHNaeVUUlxRrRFo1jemWD&sig=AOD64_0JeWiZfAAav4XG3jbN1Qa3EJwqkw&ctype=5&q=&nis=4&ved=2ahUKEwi8jISJ-dWDAxXrkokEHZ0-DJYQ9aACKAB6BAgCEF8&adurl=,12/25/2021,Cloud9,Microsoft,2012,11,2020-10-23 06:02:42,2-2,100.22166,,League of Legends,LEC Winter 2024,https://www.youtube.com/watch?v=dQw4w9WgXcQ,London,2/17/2021,2/20/2021,Twitch,Mercedes Benz,ceo@twitch.com,1
Anathan Pham,Australia,ana,3/24/1998,5,Support,Aerox 3,Mouse,Steel Series,89,https://www.googleadservices.com/pagead/aclk?sa=L&ai=DChcSEwje5rLt9dWDAxV2U0cBHY5qCMsYABAMGgJxdQ&ase=2&gclid=Cj0KCQiAwP6sBhDAARIsAPfK_wbSLEeVNaE6BKei8Dh0j2rOBDqqZ6GohhFDK0P1Hosqvccn-sxdxNgaAl_MEALw_wcB&ohost=www.google.com&cid=CAESVuD2fatcEpQmYOLJ0UKOtNc3M-DyJ26mwdy7zYvdn2ssZfQsWkvo6TySfxK7qtFNr6qjRde_fC1LoZ7YgesdhboKAdOtkflIgqOn5Z4ZH7zD0KI3T9m1&sig=AOD64_3MlntPqqQXCqOmfEIjlPyWilfJtQ&ctype=5&q=&nis=4&ved=2ahUKEwintqvt9dWDAxV9mYkEHaCZBEMQ9aACKAB6BAgDEBk&adurl=,9/8/2022,Cloud9,Microsoft,2012,12,2020-10-23 06:02:42,3-0,109.33272,,League of Legends,LEC Winter 2024,https://www.youtube.com/watch?v=dQw4w9WgXcQ,London,2/17/2021,2/20/2021,Twitch,Mercedes Benz,ceo@twitch.com,1
Anathan Pham,Australia,ana,3/25/1998,6,Support,Apex Pro,Keyboard,Steel Series,190,https://www.googleadservices.com/pagead/aclk?sa=L&ai=DChcSEwiIvruw99WDAxWgTEcBHe6-BY4YABAJGgJxdQ&ase=2&gclid=Cj0KCQiAwP6sBhDAARIsAPfK_wYNCLsiZzhSB-8bJl2FP_MquRqP3ZUBPBUpzCjdf96bGmJaHVf0yg8aAsnkEALw_wcB&ohost=www.google.com&cid=CAESVuD2jg7K_xIaeddM_VmYaGIOvXKX0TY3EZfbi-TBQSflNEgeFh6Qs9vhZXLtqJhq5RjPZPeJXrGpACoBGBqOOObdLmzGRTxJz40qUbfrDQ4uvWilS0aH&sig=AOD64_2SQT0CFjXXw8kJINFwBSx-YIabRQ&ctype=5&q=&nis=4&ved=2ahUKEwjJ5LOw99WDAxXNjIkEHRDMCNwQ9aACKAB6BAgBEA8&adurl=,3/18/2019,Cloud9,Microsoft,2012,12,2020-10-23 06:02:42,3-0,109.33272,,League of Legends,LEC Winter 2024,https://www.youtube.com/watch?v=dQw4w9WgXcQ,London,2/17/2021,2/20/2021,Twitch,Mercedes Benz,ceo@twitch.com,1
Anathan Pham,Australia,ana,3/26/1998,7,Support,"Dell Curved Gaming 34""",Monitor,Dell,400,https://www.googleadservices.com/pagead/aclk?sa=L&ai=DChcSEwjr2oqJ-dWDAxUuZ0cBHWltDIwYABANGgJxdQ&ase=2&gclid=Cj0KCQiAwP6sBhDAARIsAPfK_wbgeJ4UQM0Dd29L--c620Y6wBpJ4nMFPkCMJCBYH9X1-uCdcrYAwUUaAkCCEALw_wcB&ohost=www.google.com&cid=CAESVuD2VyIaI_4Jx4ZjPRufTaoLRvGIB5Oo1KmMRB57Lk1Qi7Mx40Trkl4N8OmE5bUupenztSOb1xX-MmJeNSx7wr6SOJrm0KyZHNaeVUUlxRrRFo1jemWD&sig=AOD64_0JeWiZfAAav4XG3jbN1Qa3EJwqkw&ctype=5&q=&nis=4&ved=2ahUKEwi8jISJ-dWDAxXrkokEHZ0-DJYQ9aACKAB6BAgCEF8&adurl=,9/30/2018,Cloud9,Microsoft,2012,12,2020-10-23 06:02:42,3-0,109.33272,,League of Legends,LEC Winter 2024,https://www.youtube.com/watch?v=dQw4w9WgXcQ,London,2/17/2021,2/20/2021,Twitch,Mercedes Benz,ceo@twitch.com,1
Anathan Pham,Australia,ana,3/27/1998,8,Support,DT 990,Headphones,beyerdynamic,169,https://www.googleadservices.com/pagead/aclk?sa=L&ai=DChcSEwjr2oqJ-dWDAxUuZ0cBHWltDIwYABANGgJxdQ&ase=2&gclid=Cj0KCQiAwP6sBhDAARIsAPfK_wbgeJ4UQM0Dd29L--c620Y6wBpJ4nMFPkCMJCBYH9X1-uCdcrYAwUUaAkCCEALw_wcB&ohost=www.google.com&cid=CAESVuD2VyIaI_4Jx4ZjPRufTaoLRvGIB5Oo1KmMRB57Lk1Qi7Mx40Trkl4N8OmE5bUupenztSOb1xX-MmJeNSx7wr6SOJrm0KyZHNaeVUUlxRrRFo1jemWD&sig=AOD64_0JeWiZfAAav4XG3jbN1Qa3EJwqkw&ctype=5&q=&nis=4&ved=2ahUKEwi8jISJ-dWDAxXrkokEHZ0-DJYQ9aACKAB6BAgCEF8&adurl=,12/25/2021,Cloud9,Microsoft,2012,12,2020-10-23 06:02:42,3-0,109.33272,,League of Legends,LEC Winter 2024,https://www.youtube.com/watch?v=dQw4w9WgXcQ,London,2/17/2021,2/20/2021,Twitch,Mercedes Benz,ceo@twitch.com,1
Anathan Pham,Australia,ana,3/24/1998,5,Support,Aerox 3,Mouse,Steel Series,89,https://www.googleadservices.com/pagead/aclk?sa=L&ai=DChcSEwje5rLt9dWDAxV2U0cBHY5qCMsYABAMGgJxdQ&ase=2&gclid=Cj0KCQiAwP6sBhDAARIsAPfK_wbSLEeVNaE6BKei8Dh0j2rOBDqqZ6GohhFDK0P1Hosqvccn-sxdxNgaAl_MEALw_wcB&ohost=www.google.com&cid=CAESVuD2fatcEpQmYOLJ0UKOtNc3M-DyJ26mwdy7zYvdn2ssZfQsWkvo6TySfxK7qtFNr6qjRde_fC1LoZ7YgesdhboKAdOtkflIgqOn5Z4ZH7zD0KI3T9m1&sig=AOD64_3MlntPqqQXCqOmfEIjlPyWilfJtQ&ctype=5&q=&nis=4&ved=2ahUKEwintqvt9dWDAxV9mYkEHaCZBEMQ9aACKAB6BAgDEBk&adurl=,9/8/2022,Cloud9,Microsoft,2012,13,2023-03-07 09:08:23,3-0,118.44378,,League of Legends,LEC Winter 2024,https://www.youtube.com/watch?v=dQw4w9WgXcQ,London,2/17/2021,2/20/2021,Twitch,Mercedes Benz,ceo@twitch.com,1
Anathan Pham,Australia,ana,3/25/1998,6,Support,Apex Pro,Keyboard,Steel Series,190,https://www.googleadservices.com/pagead/aclk?sa=L&ai=DChcSEwiIvruw99WDAxWgTEcBHe6-BY4YABAJGgJxdQ&ase=2&gclid=Cj0KCQiAwP6sBhDAARIsAPfK_wYNCLsiZzhSB-8bJl2FP_MquRqP3ZUBPBUpzCjdf96bGmJaHVf0yg8aAsnkEALw_wcB&ohost=www.google.com&cid=CAESVuD2jg7K_xIaeddM_VmYaGIOvXKX0TY3EZfbi-TBQSflNEgeFh6Qs9vhZXLtqJhq5RjPZPeJXrGpACoBGBqOOObdLmzGRTxJz40qUbfrDQ4uvWilS0aH&sig=AOD64_2SQT0CFjXXw8kJINFwBSx-YIabRQ&ctype=5&q=&nis=4&ved=2ahUKEwjJ5LOw99WDAxXNjIkEHRDMCNwQ9aACKAB6BAgBEA8&adurl=,3/18/2019,Cloud9,Microsoft,2012,13,2023-03-07 09:08:23,3-0,118.44378,,League of Legends,LEC Winter 2024,https://www.youtube.com/watch?v=dQw4w9WgXcQ,London,2/17/2021,2/20/2021,Twitch,Mercedes Benz,ceo@twitch.com,1
Anathan Pham,Australia,ana,3/26/1998,7,Support,"Dell Curved Gaming 34""",Monitor,Dell,400,https://www.googleadservices.com/pagead/aclk?sa=L&ai=DChcSEwjr2oqJ-dWDAxUuZ0cBHWltDIwYABANGgJxdQ&ase=2&gclid=Cj0KCQiAwP6sBhDAARIsAPfK_wbgeJ4UQM0Dd29L--c620Y6wBpJ4nMFPkCMJCBYH9X1-uCdcrYAwUUaAkCCEALw_wcB&ohost=www.google.com&cid=CAESVuD2VyIaI_4Jx4ZjPRufTaoLRvGIB5Oo1KmMRB57Lk1Qi7Mx40Trkl4N8OmE5bUupenztSOb1xX-MmJeNSx7wr6SOJrm0KyZHNaeVUUlxRrRFo1jemWD&sig=AOD64_0JeWiZfAAav4XG3jbN1Qa3EJwqkw&ctype=5&q=&nis=4&ved=2ahUKEwi8jISJ-dWDAxXrkokEHZ0-DJYQ9aACKAB6BAgCEF8&adurl=,9/30/2018,Cloud9,Microsoft,2012,13,2023-03-07 09:08:23,3-0,118.44378,,League of Legends,LEC Winter 2024,https://www.youtube.com/watch?v=dQw4w9WgXcQ,London,2/17/2021,2/20/2021,Twitch,Mercedes Benz,ceo@twitch.com,1
Anathan Pham,Australia,ana,3/27/1998,8,Support,DT 990,Headphones,beyerdynamic,169,https://www.googleadservices.com/pagead/aclk?sa=L&ai=DChcSEwjr2oqJ-dWDAxUuZ0cBHWltDIwYABANGgJxdQ&ase=2&gclid=Cj0KCQiAwP6sBhDAARIsAPfK_wbgeJ4UQM0Dd29L--c620Y6wBpJ4nMFPkCMJCBYH9X1-uCdcrYAwUUaAkCCEALw_wcB&ohost=www.google.com&cid=CAESVuD2VyIaI_4Jx4ZjPRufTaoLRvGIB5Oo1KmMRB57Lk1Qi7Mx40Trkl4N8OmE5bUupenztSOb1xX-MmJeNSx7wr6SOJrm0KyZHNaeVUUlxRrRFo1jemWD&sig=AOD64_0JeWiZfAAav4XG3jbN1Qa3EJwqkw&ctype=5&q=&nis=4&ved=2ahUKEwi8jISJ-dWDAxXrkokEHZ0-DJYQ9aACKAB6BAgCEF8&adurl=,12/25/2021,Cloud9,Microsoft,2012,13,2023-03-07 09:08:23,3-0,118.44378,,League of Legends,LEC Winter 2024,https://www.youtube.com/watch?v=dQw4w9WgXcQ,London,2/17/2021,2/20/2021,Twitch,Mercedes Benz,ceo@twitch.com,1
Kyle Giersdorf,United States,Bugha,11/25/2000,7,Flank,Basilisk v3,Mouse,Razer,50,https://www.googleadservices.com/pagead/aclk?sa=L&ai=DChcSEwjr2oqJ-dWDAxUuZ0cBHWltDIwYABANGgJxdQ&ase=2&gclid=Cj0KCQiAwP6sBhDAARIsAPfK_wbgeJ4UQM0Dd29L--c620Y6wBpJ4nMFPkCMJCBYH9X1-uCdcrYAwUUaAkCCEALw_wcB&ohost=www.google.com&cid=CAESVuD2VyIaI_4Jx4ZjPRufTaoLRvGIB5Oo1KmMRB57Lk1Qi7Mx40Trkl4N8OmE5bUupenztSOb1xX-MmJeNSx7wr6SOJrm0KyZHNaeVUUlxRrRFo1jemWD&sig=AOD64_0JeWiZfAAav4XG3jbN1Qa3EJwqkw&ctype=5&q=&nis=4&ved=2ahUKEwi8jISJ-dWDAxXrkokEHZ0-DJYQ9aACKAB6BAgCEF8&adurl=,7/14/2021,G2,Red Bull,2013,16,2021-08-25 05:13:57,2-2,145.77696,,Overwatch,Aurora Cup,https://www.youtube.com/watch?v=dQw4w9WgXcQ,Remote,8/25/2021,8/29/2021,Blizzard,Coca-Cola,coke@cola.org,7
Kyle Giersdorf,United States,Bugha,11/26/2000,8,Flank,Huntsman Mini,Keyboard,Razer,100,https://www.googleadservices.com/pagead/aclk?sa=L&ai=DChcSEwjr2oqJ-dWDAxUuZ0cBHWltDIwYABANGgJxdQ&ase=2&gclid=Cj0KCQiAwP6sBhDAARIsAPfK_wbgeJ4UQM0Dd29L--c620Y6wBpJ4nMFPkCMJCBYH9X1-uCdcrYAwUUaAkCCEALw_wcB&ohost=www.google.com&cid=CAESVuD2VyIaI_4Jx4ZjPRufTaoLRvGIB5Oo1KmMRB57Lk1Qi7Mx40Trkl4N8OmE5bUupenztSOb1xX-MmJeNSx7wr6SOJrm0KyZHNaeVUUlxRrRFo1jemWD&sig=AOD64_0JeWiZfAAav4XG3jbN1Qa3EJwqkw&ctype=5&q=&nis=4&ved=2ahUKEwi8jISJ-dWDAxXrkokEHZ0-DJYQ9aACKAB6BAgCEF8&adurl=,7/14/2021,G2,Red Bull,2013,16,2021-08-25 05:13:57,2-2,145.77696,,Overwatch,Aurora Cup,https://www.youtube.com/watch?v=dQw4w9WgXcQ,Remote,8/25/2021,8/29/2021,Blizzard,Coca-Cola,coke@cola.org,7
Kyle Giersdorf,United States,Bugha,11/27/2000,9,Flank,T35F,Monitor,Samsung,125,https://www.googleadservices.com/pagead/aclk?sa=L&ai=DChcSEwjr2oqJ-dWDAxUuZ0cBHWltDIwYABANGgJxdQ&ase=2&gclid=Cj0KCQiAwP6sBhDAARIsAPfK_wbgeJ4UQM0Dd29L--c620Y6wBpJ4nMFPkCMJCBYH9X1-uCdcrYAwUUaAkCCEALw_wcB&ohost=www.google.com&cid=CAESVuD2VyIaI_4Jx4ZjPRufTaoLRvGIB5Oo1KmMRB57Lk1Qi7Mx40Trkl4N8OmE5bUupenztSOb1xX-MmJeNSx7wr6SOJrm0KyZHNaeVUUlxRrRFo1jemWD&sig=AOD64_0JeWiZfAAav4XG3jbN1Qa3EJwqkw&ctype=5&q=&nis=4&ved=2ahUKEwi8jISJ-dWDAxXrkokEHZ0-DJYQ9aACKAB6BAgCEF8&adurl=,8/24/2020,G2,Red Bull,2013,16,2021-08-25 05:13:57,2-2,145.77696,,Overwatch,Aurora Cup,https://www.youtube.com/watch?v=dQw4w9WgXcQ,Remote,8/25/2021,8/29/2021,Blizzard,Coca-Cola,coke@cola.org,7
Kyle Giersdorf,United States,Bugha,11/28/2000,10,Flank,A10,Headphones,Astro,60,https://www.googleadservices.com/pagead/aclk?sa=L&ai=DChcSEwjr2oqJ-dWDAxUuZ0cBHWltDIwYABANGgJxdQ&ase=2&gclid=Cj0KCQiAwP6sBhDAARIsAPfK_wbgeJ4UQM0Dd29L--c620Y6wBpJ4nMFPkCMJCBYH9X1-uCdcrYAwUUaAkCCEALw_wcB&ohost=www.google.com&cid=CAESVuD2VyIaI_4Jx4ZjPRufTaoLRvGIB5Oo1KmMRB57Lk1Qi7Mx40Trkl4N8OmE5bUupenztSOb1xX-MmJeNSx7wr6SOJrm0KyZHNaeVUUlxRrRFo1jemWD&sig=AOD64_0JeWiZfAAav4XG3jbN1Qa3EJwqkw&ctype=5&q=&nis=4&ved=2ahUKEwi8jISJ-dWDAxXrkokEHZ0-DJYQ9aACKAB6BAgCEF8&adurl=,2/14/2022,G2,Red Bull,2013,16,2022-12-14 06:25:15,2-2,145.77696,,Overwatch,Aurora Cup,https://www.youtube.com/watch?v=dQw4w9WgXcQ,Remote,8/25/2021,8/29/2021,Blizzard,Coca-Cola,coke@cola.org,7
Kyle Giersdorf,United States,Bugha,11/25/2000,7,Flank,Basilisk v3,Mouse,Razer,50,https://www.googleadservices.com/pagead/aclk?sa=L&ai=DChcSEwjr2oqJ-dWDAxUuZ0cBHWltDIwYABANGgJxdQ&ase=2&gclid=Cj0KCQiAwP6sBhDAARIsAPfK_wbgeJ4UQM0Dd29L--c620Y6wBpJ4nMFPkCMJCBYH9X1-uCdcrYAwUUaAkCCEALw_wcB&ohost=www.google.com&cid=CAESVuD2VyIaI_4Jx4ZjPRufTaoLRvGIB5Oo1KmMRB57Lk1Qi7Mx40Trkl4N8OmE5bUupenztSOb1xX-MmJeNSx7wr6SOJrm0KyZHNaeVUUlxRrRFo1jemWD&sig=AOD64_0JeWiZfAAav4XG3jbN1Qa3EJwqkw&ctype=5&q=&nis=4&ved=2ahUKEwi8jISJ-dWDAxXrkokEHZ0-DJYQ9aACKAB6BAgCEF8&adurl=,7/14/2021,G2,Red Bull,2013,17,2022-12-14 06:25:15,2-2,154.88802,,Overwatch,Aurora Cup,https://www.youtube.com/watch?v=dQw4w9WgXcQ,Remote,8/25/2021,8/29/2021,Blizzard,Coca-Cola,coke@cola.org,7
Kyle Giersdorf,United States,Bugha,11/26/2000,8,Flank,Huntsman Mini,Keyboard,Razer,100,https://www.googleadservices.com/pagead/aclk?sa=L&ai=DChcSEwjr2oqJ-dWDAxUuZ0cBHWltDIwYABANGgJxdQ&ase=2&gclid=Cj0KCQiAwP6sBhDAARIsAPfK_wbgeJ4UQM0Dd29L--c620Y6wBpJ4nMFPkCMJCBYH9X1-uCdcrYAwUUaAkCCEALw_wcB&ohost=www.google.com&cid=CAESVuD2VyIaI_4Jx4ZjPRufTaoLRvGIB5Oo1KmMRB57Lk1Qi7Mx40Trkl4N8OmE5bUupenztSOb1xX-MmJeNSx7wr6SOJrm0KyZHNaeVUUlxRrRFo1jemWD&sig=AOD64_0JeWiZfAAav4XG3jbN1Qa3EJwqkw&ctype=5&q=&nis=4&ved=2ahUKEwi8jISJ-dWDAxXrkokEHZ0-DJYQ9aACKAB6BAgCEF8&adurl=,7/14/2021,G2,Red Bull,2013,17,2022-12-14 06:25:15,2-2,154.88802,,Overwatch,Aurora Cup,https://www.youtube.com/watch?v=dQw4w9WgXcQ,Remote,8/25/2021,8/29/2021,Blizzard,Coca-Cola,coke@cola.org,7
Kyle Giersdorf,United States,Bugha,11/27/2000,9,Flank,T35F,Monitor,Samsung,125,https://www.googleadservices.com/pagead/aclk?sa=L&ai=DChcSEwjr2oqJ-dWDAxUuZ0cBHWltDIwYABANGgJxdQ&ase=2&gclid=Cj0KCQiAwP6sBhDAARIsAPfK_wbgeJ4UQM0Dd29L--c620Y6wBpJ4nMFPkCMJCBYH9X1-uCdcrYAwUUaAkCCEALw_wcB&ohost=www.google.com&cid=CAESVuD2VyIaI_4Jx4ZjPRufTaoLRvGIB5Oo1KmMRB57Lk1Qi7Mx40Trkl4N8OmE5bUupenztSOb1xX-MmJeNSx7wr6SOJrm0KyZHNaeVUUlxRrRFo1jemWD&sig=AOD64_0JeWiZfAAav4XG3jbN1Qa3EJwqkw&ctype=5&q=&nis=4&ved=2ahUKEwi8jISJ-dWDAxXrkokEHZ0-DJYQ9aACKAB6BAgCEF8&adurl=,8/24/2020,G2,Red Bull,2013,17,2022-12-14 06:25:15,2-2,154.88802,,Overwatch,Aurora Cup,https://www.youtube.com/watch?v=dQw4w9WgXcQ,Remote,8/25/2021,8/29/2021,Blizzard,Coca-Cola,coke@cola.org,7
Kyle Giersdorf,United States,Bugha,11/28/2000,10,Flank,A10,Headphones,Astro,60,https://www.googleadservices.com/pagead/aclk?sa=L&ai=DChcSEwjr2oqJ-dWDAxUuZ0cBHWltDIwYABANGgJxdQ&ase=2&gclid=Cj0KCQiAwP6sBhDAARIsAPfK_wbgeJ4UQM0Dd29L--c620Y6wBpJ4nMFPkCMJCBYH9X1-uCdcrYAwUUaAkCCEALw_wcB&ohost=www.google.com&cid=CAESVuD2VyIaI_4Jx4ZjPRufTaoLRvGIB5Oo1KmMRB57Lk1Qi7Mx40Trkl4N8OmE5bUupenztSOb1xX-MmJeNSx7wr6SOJrm0KyZHNaeVUUlxRrRFo1jemWD&sig=AOD64_0JeWiZfAAav4XG3jbN1Qa3EJwqkw&ctype=5&q=&nis=4&ved=2ahUKEwi8jISJ-dWDAxXrkokEHZ0-DJYQ9aACKAB6BAgCEF8&adurl=,2/14/2022,G2,Red Bull,2013,17,2022-12-14 06:25:15,2-2,154.88802,,Overwatch,Aurora Cup,https://www.youtube.com/watch?v=dQw4w9WgXcQ,Remote,8/25/2021,8/29/2021,Blizzard,Coca-Cola,coke@cola.org,7
Kyle Giersdorf,United States,Bugha,11/25/2000,7,Flank,Basilisk v3,Mouse,Razer,50,https://www.googleadservices.com/pagead/aclk?sa=L&ai=DChcSEwjr2oqJ-dWDAxUuZ0cBHWltDIwYABANGgJxdQ&ase=2&gclid=Cj0KCQiAwP6sBhDAARIsAPfK_wbgeJ4UQM0Dd29L--c620Y6wBpJ4nMFPkCMJCBYH9X1-uCdcrYAwUUaAkCCEALw_wcB&ohost=www.google.com&cid=CAESVuD2VyIaI_4Jx4ZjPRufTaoLRvGIB5Oo1KmMRB57Lk1Qi7Mx40Trkl4N8OmE5bUupenztSOb1xX-MmJeNSx7wr6SOJrm0KyZHNaeVUUlxRrRFo1jemWD&sig=AOD64_0JeWiZfAAav4XG3jbN1Qa3EJwqkw&ctype=5&q=&nis=4&ved=2ahUKEwi8jISJ-dWDAxXrkokEHZ0-DJYQ9aACKAB6BAgCEF8&adurl=,7/14/2021,G2,Red Bull,2013,18,2021-08-20 09:59:20,0-2,163.99908,,Overwatch,Aurora Cup,https://www.youtube.com/watch?v=dQw4w9WgXcQ,Remote,8/25/2021,8/29/2021,Blizzard,Coca-Cola,coke@cola.org,7
Kyle Giersdorf,United States,Bugha,11/26/2000,8,Flank,Huntsman Mini,Keyboard,Razer,100,https://www.googleadservices.com/pagead/aclk?sa=L&ai=DChcSEwjr2oqJ-dWDAxUuZ0cBHWltDIwYABANGgJxdQ&ase=2&gclid=Cj0KCQiAwP6sBhDAARIsAPfK_wbgeJ4UQM0Dd29L--c620Y6wBpJ4nMFPkCMJCBYH9X1-uCdcrYAwUUaAkCCEALw_wcB&ohost=www.google.com&cid=CAESVuD2VyIaI_4Jx4ZjPRufTaoLRvGIB5Oo1KmMRB57Lk1Qi7Mx40Trkl4N8OmE5bUupenztSOb1xX-MmJeNSx7wr6SOJrm0KyZHNaeVUUlxRrRFo1jemWD&sig=AOD64_0JeWiZfAAav4XG3jbN1Qa3EJwqkw&ctype=5&q=&nis=4&ved=2ahUKEwi8jISJ-dWDAxXrkokEHZ0-DJYQ9aACKAB6BAgCEF8&adurl=,7/14/2021,G2,Red Bull,2013,18,2021-08-20 09:59:20,0-2,163.99908,,Overwatch,Aurora Cup,https://www.youtube.com/watch?v=dQw4w9WgXcQ,Remote,8/25/2021,8/29/2021,Blizzard,Coca-Cola,coke@cola.org,7
Kyle Giersdorf,United States,Bugha,11/27/2000,9,Flank,T35F,Monitor,Samsung,125,https://www.googleadservices.com/pagead/aclk?sa=L&ai=DChcSEwjr2oqJ-dWDAxUuZ0cBHWltDIwYABANGgJxdQ&ase=2&gclid=Cj0KCQiAwP6sBhDAARIsAPfK_wbgeJ4UQM0Dd29L--c620Y6wBpJ4nMFPkCMJCBYH9X1-uCdcrYAwUUaAkCCEALw_wcB&ohost=www.google.com&cid=CAESVuD2VyIaI_4Jx4ZjPRufTaoLRvGIB5Oo1KmMRB57Lk1Qi7Mx40Trkl4N8OmE5bUupenztSOb1xX-MmJeNSx7wr6SOJrm0KyZHNaeVUUlxRrRFo1jemWD&sig=AOD64_0JeWiZfAAav4XG3jbN1Qa3EJwqkw&ctype=5&q=&nis=4&ved=2ahUKEwi8jISJ-dWDAxXrkokEHZ0-DJYQ9aACKAB6BAgCEF8&adurl=,8/24/2020,G2,Red Bull,2013,18,2021-08-20 09:59:20,0-2,163.99908,,Overwatch,Aurora Cup,https://www.youtube.com/watch?v=dQw4w9WgXcQ,Remote,8/25/2021,8/29/2021,Blizzard,Coca-Cola,coke@cola.org,7
Kyle Giersdorf,United States,Bugha,11/28/2000,10,Flank,A10,Headphones,Astro,60,https://www.googleadservices.com/pagead/aclk?sa=L&ai=DChcSEwjr2oqJ-dWDAxUuZ0cBHWltDIwYABANGgJxdQ&ase=2&gclid=Cj0KCQiAwP6sBhDAARIsAPfK_wbgeJ4UQM0Dd29L--c620Y6wBpJ4nMFPkCMJCBYH9X1-uCdcrYAwUUaAkCCEALw_wcB&ohost=www.google.com&cid=CAESVuD2VyIaI_4Jx4ZjPRufTaoLRvGIB5Oo1KmMRB57Lk1Qi7Mx40Trkl4N8OmE5bUupenztSOb1xX-MmJeNSx7wr6SOJrm0KyZHNaeVUUlxRrRFo1jemWD&sig=AOD64_0JeWiZfAAav4XG3jbN1Qa3EJwqkw&ctype=5&q=&nis=4&ved=2ahUKEwi8jISJ-dWDAxXrkokEHZ0-DJYQ9aACKAB6BAgCEF8&adurl=,2/14/2022,G2,Red Bull,2013,18,2021-08-20 09:59:20,0-2,163.99908,,Overwatch,Aurora Cup,https://www.youtube.com/watch?v=dQw4w9WgXcQ,Remote,8/25/2021,8/29/2021,Blizzard,Coca-Cola,coke@cola.org,7
Zhang Yiping,China,y`,8/18/2006,10,Damage,Scimitar,Mouse,Corsair,60,https://www.googleadservices.com/pagead/aclk?sa=L&ai=DChcSEwjr2oqJ-dWDAxUuZ0cBHWltDIwYABANGgJxdQ&ase=2&gclid=Cj0KCQiAwP6sBhDAARIsAPfK_wbgeJ4UQM0Dd29L--c620Y6wBpJ4nMFPkCMJCBYH9X1-uCdcrYAwUUaAkCCEALw_wcB&ohost=www.google.com&cid=CAESVuD2VyIaI_4Jx4ZjPRufTaoLRvGIB5Oo1KmMRB57Lk1Qi7Mx40Trkl4N8OmE5bUupenztSOb1xX-MmJeNSx7wr6SOJrm0KyZHNaeVUUlxRrRFo1jemWD&sig=AOD64_0JeWiZfAAav4XG3jbN1Qa3EJwqkw&ctype=5&q=&nis=4&ved=2ahUKEwi8jISJ-dWDAxXrkokEHZ0-DJYQ9aACKAB6BAgCEF8&adurl=,10/23/2018,Team Liquid,Samsung,2000,2,2021-06-07 10:46:59,5-1,18.22212,,Valorant,VALORANT Challengers 2024,https://www.youtube.com/watch?v=dQw4w9WgXcQ,United States,11/27/2022,11/30/2022,Riot,Prime Gaming,prime@fakecontact.org,2
Zhang Yiping,China,y`,8/19/2006,11,Damage,Kraken Pro,Keyboard,Kraken Keyboards,119,https://www.googleadservices.com/pagead/aclk?sa=L&ai=DChcSEwjr2oqJ-dWDAxUuZ0cBHWltDIwYABANGgJxdQ&ase=2&gclid=Cj0KCQiAwP6sBhDAARIsAPfK_wbgeJ4UQM0Dd29L--c620Y6wBpJ4nMFPkCMJCBYH9X1-uCdcrYAwUUaAkCCEALw_wcB&ohost=www.google.com&cid=CAESVuD2VyIaI_4Jx4ZjPRufTaoLRvGIB5Oo1KmMRB57Lk1Qi7Mx40Trkl4N8OmE5bUupenztSOb1xX-MmJeNSx7wr6SOJrm0KyZHNaeVUUlxRrRFo1jemWD&sig=AOD64_0JeWiZfAAav4XG3jbN1Qa3EJwqkw&ctype=5&q=&nis=4&ved=2ahUKEwi8jISJ-dWDAxXrkokEHZ0-DJYQ9aACKAB6BAgCEF8&adurl=,7/10/2021,Team Liquid,Samsung,2000,2,2021-06-07 10:46:59,5-1,18.22212,,Valorant,VALORANT Challengers 2024,https://www.youtube.com/watch?v=dQw4w9WgXcQ,United States,11/27/2022,11/30/2022,Riot,Prime Gaming,prime@fakecontact.org,2
Zhang Yiping,China,y`,8/20/2006,12,Damage,"Curved 24.5""",Monitor,Scepter,138,https://www.googleadservices.com/pagead/aclk?sa=L&ai=DChcSEwjr2oqJ-dWDAxUuZ0cBHWltDIwYABANGgJxdQ&ase=2&gclid=Cj0KCQiAwP6sBhDAARIsAPfK_wbgeJ4UQM0Dd29L--c620Y6wBpJ4nMFPkCMJCBYH9X1-uCdcrYAwUUaAkCCEALw_wcB&ohost=www.google.com&cid=CAESVuD2VyIaI_4Jx4ZjPRufTaoLRvGIB5Oo1KmMRB57Lk1Qi7Mx40Trkl4N8OmE5bUupenztSOb1xX-MmJeNSx7wr6SOJrm0KyZHNaeVUUlxRrRFo1jemWD&sig=AOD64_0JeWiZfAAav4XG3jbN1Qa3EJwqkw&ctype=5&q=&nis=4&ved=2ahUKEwi8jISJ-dWDAxXrkokEHZ0-DJYQ9aACKAB6BAgCEF8&adurl=,5/19/2019,Team Liquid,Samsung,2000,2,2021-06-07 10:46:59,5-1,18.22212,,Valorant,VALORANT Challengers 2024,https://www.youtube.com/watch?v=dQw4w9WgXcQ,United States,11/27/2022,11/30/2022,Riot,Prime Gaming,prime@fakecontact.org,2
Zhang Yiping,China,y`,8/21/2006,13,Damage,Void,Headphones,Corsair,100,https://www.googleadservices.com/pagead/aclk?sa=L&ai=DChcSEwjr2oqJ-dWDAxUuZ0cBHWltDIwYABANGgJxdQ&ase=2&gclid=Cj0KCQiAwP6sBhDAARIsAPfK_wbgeJ4UQM0Dd29L--c620Y6wBpJ4nMFPkCMJCBYH9X1-uCdcrYAwUUaAkCCEALw_wcB&ohost=www.google.com&cid=CAESVuD2VyIaI_4Jx4ZjPRufTaoLRvGIB5Oo1KmMRB57Lk1Qi7Mx40Trkl4N8OmE5bUupenztSOb1xX-MmJeNSx7wr6SOJrm0KyZHNaeVUUlxRrRFo1jemWD&sig=AOD64_0JeWiZfAAav4XG3jbN1Qa3EJwqkw&ctype=5&q=&nis=4&ved=2ahUKEwi8jISJ-dWDAxXrkokEHZ0-DJYQ9aACKAB6BAgCEF8&adurl=,1/26/2021,Team Liquid,Samsung,2000,2,2021-06-07 10:46:59,5-1,18.22212,,Valorant,VALORANT Challengers 2024,https://www.youtube.com/watch?v=dQw4w9WgXcQ,United States,11/27/2022,11/30/2022,Riot,Prime Gaming,prime@fakecontact.org,2
Zhang Yiping,China,y`,8/18/2006,10,Damage,Scimitar,Mouse,Corsair,60,https://www.googleadservices.com/pagead/aclk?sa=L&ai=DChcSEwjr2oqJ-dWDAxUuZ0cBHWltDIwYABANGgJxdQ&ase=2&gclid=Cj0KCQiAwP6sBhDAARIsAPfK_wbgeJ4UQM0Dd29L--c620Y6wBpJ4nMFPkCMJCBYH9X1-uCdcrYAwUUaAkCCEALw_wcB&ohost=www.google.com&cid=CAESVuD2VyIaI_4Jx4ZjPRufTaoLRvGIB5Oo1KmMRB57Lk1Qi7Mx40Trkl4N8OmE5bUupenztSOb1xX-MmJeNSx7wr6SOJrm0KyZHNaeVUUlxRrRFo1jemWD&sig=AOD64_0JeWiZfAAav4XG3jbN1Qa3EJwqkw&ctype=5&q=&nis=4&ved=2ahUKEwi8jISJ-dWDAxXrkokEHZ0-DJYQ9aACKAB6BAgCEF8&adurl=,10/23/2018,Team Liquid,Samsung,2000,3,2021-07-09 19:33:23,2-2,27.33318,,Valorant,VALORANT Challengers 2024,https://www.youtube.com/watch?v=dQw4w9WgXcQ,United States,11/27/2022,11/30/2022,Riot,Prime Gaming,prime@fakecontact.org,2
Zhang Yiping,China,y`,8/19/2006,11,Damage,Kraken Pro,Keyboard,Kraken Keyboards,119,https://www.googleadservices.com/pagead/aclk?sa=L&ai=DChcSEwjr2oqJ-dWDAxUuZ0cBHWltDIwYABANGgJxdQ&ase=2&gclid=Cj0KCQiAwP6sBhDAARIsAPfK_wbgeJ4UQM0Dd29L--c620Y6wBpJ4nMFPkCMJCBYH9X1-uCdcrYAwUUaAkCCEALw_wcB&ohost=www.google.com&cid=CAESVuD2VyIaI_4Jx4ZjPRufTaoLRvGIB5Oo1KmMRB57Lk1Qi7Mx40Trkl4N8OmE5bUupenztSOb1xX-MmJeNSx7wr6SOJrm0KyZHNaeVUUlxRrRFo1jemWD&sig=AOD64_0JeWiZfAAav4XG3jbN1Qa3EJwqkw&ctype=5&q=&nis=4&ved=2ahUKEwi8jISJ-dWDAxXrkokEHZ0-DJYQ9aACKAB6BAgCEF8&adurl=,7/10/2021,Team Liquid,Samsung,2000,3,2021-07-09 19:33:23,2-2,27.33318,,Valorant,VALORANT Challengers 2024,https://www.youtube.com/watch?v=dQw4w9WgXcQ,United States,11/27/2022,11/30/2022,Riot,Prime Gaming,prime@fakecontact.org,2
Zhang Yiping,China,y`,8/20/2006,12,Damage,"Curved 24.5""",Monitor,Scepter,138,https://www.googleadservices.com/pagead/aclk?sa=L&ai=DChcSEwjr2oqJ-dWDAxUuZ0cBHWltDIwYABANGgJxdQ&ase=2&gclid=Cj0KCQiAwP6sBhDAARIsAPfK_wbgeJ4UQM0Dd29L--c620Y6wBpJ4nMFPkCMJCBYH9X1-uCdcrYAwUUaAkCCEALw_wcB&ohost=www.google.com&cid=CAESVuD2VyIaI_4Jx4ZjPRufTaoLRvGIB5Oo1KmMRB57Lk1Qi7Mx40Trkl4N8OmE5bUupenztSOb1xX-MmJeNSx7wr6SOJrm0KyZHNaeVUUlxRrRFo1jemWD&sig=AOD64_0JeWiZfAAav4XG3jbN1Qa3EJwqkw&ctype=5&q=&nis=4&ved=2ahUKEwi8jISJ-dWDAxXrkokEHZ0-DJYQ9aACKAB6BAgCEF8&adurl=,5/19/2019,Team Liquid,Samsung,2000,3,2021-07-09 19:33:23,2-2,27.33318,,Valorant,VALORANT Challengers 2024,https://www.youtube.com/watch?v=dQw4w9WgXcQ,United States,11/27/2022,11/30/2022,Riot,Prime Gaming,prime@fakecontact.org,2
Zhang Yiping,China,y`,8/21/2006,13,Damage,Void,Headphones,Corsair,100,https://www.googleadservices.com/pagead/aclk?sa=L&ai=DChcSEwjr2oqJ-dWDAxUuZ0cBHWltDIwYABANGgJxdQ&ase=2&gclid=Cj0KCQiAwP6sBhDAARIsAPfK_wbgeJ4UQM0Dd29L--c620Y6wBpJ4nMFPkCMJCBYH9X1-uCdcrYAwUUaAkCCEALw_wcB&ohost=www.google.com&cid=CAESVuD2VyIaI_4Jx4ZjPRufTaoLRvGIB5Oo1KmMRB57Lk1Qi7Mx40Trkl4N8OmE5bUupenztSOb1xX-MmJeNSx7wr6SOJrm0KyZHNaeVUUlxRrRFo1jemWD&sig=AOD64_0JeWiZfAAav4XG3jbN1Qa3EJwqkw&ctype=5&q=&nis=4&ved=2ahUKEwi8jISJ-dWDAxXrkokEHZ0-DJYQ9aACKAB6BAgCEF8&adurl=,1/26/2021,Team Liquid,Samsung,2000,3,2021-07-09 19:33:23,2-2,27.33318,,Valorant,VALORANT Challengers 2024,https://www.youtube.com/watch?v=dQw4w9WgXcQ,United States,11/27/2022,11/30/2022,Riot,Prime Gaming,prime@fakecontact.org,2
Zhang Yiping,China,y`,8/18/2006,10,Damage,Scimitar,Mouse,Corsair,60,https://www.googleadservices.com/pagead/aclk?sa=L&ai=DChcSEwjr2oqJ-dWDAxUuZ0cBHWltDIwYABANGgJxdQ&ase=2&gclid=Cj0KCQiAwP6sBhDAARIsAPfK_wbgeJ4UQM0Dd29L--c620Y6wBpJ4nMFPkCMJCBYH9X1-uCdcrYAwUUaAkCCEALw_wcB&ohost=www.google.com&cid=CAESVuD2VyIaI_4Jx4ZjPRufTaoLRvGIB5Oo1KmMRB57Lk1Qi7Mx40Trkl4N8OmE5bUupenztSOb1xX-MmJeNSx7wr6SOJrm0KyZHNaeVUUlxRrRFo1jemWD&sig=AOD64_0JeWiZfAAav4XG3jbN1Qa3EJwqkw&ctype=5&q=&nis=4&ved=2ahUKEwi8jISJ-dWDAxXrkokEHZ0-DJYQ9aACKAB6BAgCEF8&adurl=,10/23/2018,Team Liquid,Samsung,2000,4,2023-06-26 20:20:08,3-4,36.44424,,Valorant,VALORANT Challengers 2024,https://www.youtube.com/watch?v=dQw4w9WgXcQ,United States,11/27/2022,11/30/2022,Riot,Prime Gaming,prime@fakecontact.org,2
Zhang Yiping,China,y`,8/19/2006,11,Damage,Kraken Pro,Keyboard,Kraken Keyboards,119,https://www.googleadservices.com/pagead/aclk?sa=L&ai=DChcSEwjr2oqJ-dWDAxUuZ0cBHWltDIwYABANGgJxdQ&ase=2&gclid=Cj0KCQiAwP6sBhDAARIsAPfK_wbgeJ4UQM0Dd29L--c620Y6wBpJ4nMFPkCMJCBYH9X1-uCdcrYAwUUaAkCCEALw_wcB&ohost=www.google.com&cid=CAESVuD2VyIaI_4Jx4ZjPRufTaoLRvGIB5Oo1KmMRB57Lk1Qi7Mx40Trkl4N8OmE5bUupenztSOb1xX-MmJeNSx7wr6SOJrm0KyZHNaeVUUlxRrRFo1jemWD&sig=AOD64_0JeWiZfAAav4XG3jbN1Qa3EJwqkw&ctype=5&q=&nis=4&ved=2ahUKEwi8jISJ-dWDAxXrkokEHZ0-DJYQ9aACKAB6BAgCEF8&adurl=,7/10/2021,Team Liquid,Samsung,2000,4,2023-06-26 20:20:08,3-4,36.44424,,Valorant,VALORANT Challengers 2024,https://www.youtube.com/watch?v=dQw4w9WgXcQ,United States,11/27/2022,11/30/2022,Riot,Prime Gaming,prime@fakecontact.org,2
Zhang Yiping,China,y`,8/20/2006,12,Damage,"Curved 24.5""",Monitor,Scepter,138,https://www.googleadservices.com/pagead/aclk?sa=L&ai=DChcSEwjr2oqJ-dWDAxUuZ0cBHWltDIwYABANGgJxdQ&ase=2&gclid=Cj0KCQiAwP6sBhDAARIsAPfK_wbgeJ4UQM0Dd29L--c620Y6wBpJ4nMFPkCMJCBYH9X1-uCdcrYAwUUaAkCCEALw_wcB&ohost=www.google.com&cid=CAESVuD2VyIaI_4Jx4ZjPRufTaoLRvGIB5Oo1KmMRB57Lk1Qi7Mx40Trkl4N8OmE5bUupenztSOb1xX-MmJeNSx7wr6SOJrm0KyZHNaeVUUlxRrRFo1jemWD&sig=AOD64_0JeWiZfAAav4XG3jbN1Qa3EJwqkw&ctype=5&q=&nis=4&ved=2ahUKEwi8jISJ-dWDAxXrkokEHZ0-DJYQ9aACKAB6BAgCEF8&adurl=,5/19/2019,Team Liquid,Samsung,2000,4,2023-06-26 20:20:08,3-4,36.44424,,Valorant,VALORANT Challengers 2024,https://www.youtube.com/watch?v=dQw4w9WgXcQ,United States,11/27/2022,11/30/2022,Riot,Prime Gaming,prime@fakecontact.org,2
Zhang Yiping,China,y`,8/21/2006,13,Damage,Void,Headphones,Corsair,100,https://www.googleadservices.com/pagead/aclk?sa=L&ai=DChcSEwjr2oqJ-dWDAxUuZ0cBHWltDIwYABANGgJxdQ&ase=2&gclid=Cj0KCQiAwP6sBhDAARIsAPfK_wbgeJ4UQM0Dd29L--c620Y6wBpJ4nMFPkCMJCBYH9X1-uCdcrYAwUUaAkCCEALw_wcB&ohost=www.google.com&cid=CAESVuD2VyIaI_4Jx4ZjPRufTaoLRvGIB5Oo1KmMRB57Lk1Qi7Mx40Trkl4N8OmE5bUupenztSOb1xX-MmJeNSx7wr6SOJrm0KyZHNaeVUUlxRrRFo1jemWD&sig=AOD64_0JeWiZfAAav4XG3jbN1Qa3EJwqkw&ctype=5&q=&nis=4&ved=2ahUKEwi8jISJ-dWDAxXrkokEHZ0-DJYQ9aACKAB6BAgCEF8&adurl=,1/26/2021,Team Liquid,Samsung,2000,4,2023-06-26 20:20:08,3-4,36.44424,,Valorant,VALORANT Challengers 2024,https://www.youtube.com/watch?v=dQw4w9WgXcQ,United States,11/27/2022,11/30/2022,Riot,Prime Gaming,prime@fakecontact.org,2
Ivan Ivanov,Bulgaria,MinD_ContRoL,9/14/2004,8,Coach,G502 Hero,Mouse,Logitech,109,https://www.googleadservices.com/pagead/aclk?sa=L&ai=DChcSEwjr2oqJ-dWDAxUuZ0cBHWltDIwYABANGgJxdQ&ase=2&gclid=Cj0KCQiAwP6sBhDAARIsAPfK_wbgeJ4UQM0Dd29L--c620Y6wBpJ4nMFPkCMJCBYH9X1-uCdcrYAwUUaAkCCEALw_wcB&ohost=www.google.com&cid=CAESVuD2VyIaI_4Jx4ZjPRufTaoLRvGIB5Oo1KmMRB57Lk1Qi7Mx40Trkl4N8OmE5bUupenztSOb1xX-MmJeNSx7wr6SOJrm0KyZHNaeVUUlxRrRFo1jemWD&sig=AOD64_0JeWiZfAAav4XG3jbN1Qa3EJwqkw&ctype=5&q=&nis=4&ved=2ahUKEwi8jISJ-dWDAxXrkokEHZ0-DJYQ9aACKAB6BAgCEF8&adurl=,12/25/2021,Cloud9,Microsoft,2012,6,2021-04-10 00:35:01,3-5,54.66636,,CSGO,PGL CS2 Major,https://www.youtube.com/watch?v=dQw4w9WgXcQ,Copenhagen,4/10/2021,4/15/2021,Red Bull,Valve,red@fakecontact.org,4
Ivan Ivanov,Bulgaria,MinD_ContRoL,9/15/2004,9,Coach,RK61,Keyboard,Royal Kludge,50,https://www.googleadservices.com/pagead/aclk?sa=L&ai=DChcSEwjr2oqJ-dWDAxUuZ0cBHWltDIwYABANGgJxdQ&ase=2&gclid=Cj0KCQiAwP6sBhDAARIsAPfK_wbgeJ4UQM0Dd29L--c620Y6wBpJ4nMFPkCMJCBYH9X1-uCdcrYAwUUaAkCCEALw_wcB&ohost=www.google.com&cid=CAESVuD2VyIaI_4Jx4ZjPRufTaoLRvGIB5Oo1KmMRB57Lk1Qi7Mx40Trkl4N8OmE5bUupenztSOb1xX-MmJeNSx7wr6SOJrm0KyZHNaeVUUlxRrRFo1jemWD&sig=AOD64_0JeWiZfAAav4XG3jbN1Qa3EJwqkw&ctype=5&q=&nis=4&ved=2ahUKEwi8jISJ-dWDAxXrkokEHZ0-DJYQ9aACKAB6BAgCEF8&adurl=,7/14/2021,Cloud9,Microsoft,2012,6,2021-04-10 00:35:01,3-5,54.66636,,CSGO,PGL CS2 Major,https://www.youtube.com/watch?v=dQw4w9WgXcQ,Copenhagen,4/10/2021,4/15/2021,Red Bull,Valve,red@fakecontact.org,4
Ivan Ivanov,Bulgaria,MinD_ContRoL,9/16/2004,10,Coach,T35F,Monitor,Samsung,125,https://www.googleadservices.com/pagead/aclk?sa=L&ai=DChcSEwjr2oqJ-dWDAxUuZ0cBHWltDIwYABANGgJxdQ&ase=2&gclid=Cj0KCQiAwP6sBhDAARIsAPfK_wbgeJ4UQM0Dd29L--c620Y6wBpJ4nMFPkCMJCBYH9X1-uCdcrYAwUUaAkCCEALw_wcB&ohost=www.google.com&cid=CAESVuD2VyIaI_4Jx4ZjPRufTaoLRvGIB5Oo1KmMRB57Lk1Qi7Mx40Trkl4N8OmE5bUupenztSOb1xX-MmJeNSx7wr6SOJrm0KyZHNaeVUUlxRrRFo1jemWD&sig=AOD64_0JeWiZfAAav4XG3jbN1Qa3EJwqkw&ctype=5&q=&nis=4&ved=2ahUKEwi8jISJ-dWDAxXrkokEHZ0-DJYQ9aACKAB6BAgCEF8&adurl=,8/29/2023,Cloud9,Microsoft,2012,6,2021-04-10 00:35:01,3-5,54.66636,,CSGO,PGL CS2 Major,https://www.youtube.com/watch?v=dQw4w9WgXcQ,Copenhagen,4/10/2021,4/15/2021,Red Bull,Valve,red@fakecontact.org,4
Ivan Ivanov,Bulgaria,MinD_ContRoL,9/17/2004,11,Coach,A10,Headphones,Astro,60,https://www.googleadservices.com/pagead/aclk?sa=L&ai=DChcSEwjr2oqJ-dWDAxUuZ0cBHWltDIwYABANGgJxdQ&ase=2&gclid=Cj0KCQiAwP6sBhDAARIsAPfK_wbgeJ4UQM0Dd29L--c620Y6wBpJ4nMFPkCMJCBYH9X1-uCdcrYAwUUaAkCCEALw_wcB&ohost=www.google.com&cid=CAESVuD2VyIaI_4Jx4ZjPRufTaoLRvGIB5Oo1KmMRB57Lk1Qi7Mx40Trkl4N8OmE5bUupenztSOb1xX-MmJeNSx7wr6SOJrm0KyZHNaeVUUlxRrRFo1jemWD&sig=AOD64_0JeWiZfAAav4XG3jbN1Qa3EJwqkw&ctype=5&q=&nis=4&ved=2ahUKEwi8jISJ-dWDAxXrkokEHZ0-DJYQ9aACKAB6BAgCEF8&adurl=,8/24/2020,Cloud9,Microsoft,2012,6,2021-04-10 00:35:01,3-5,54.66636,,CSGO,PGL CS2 Major,https://www.youtube.com/watch?v=dQw4w9WgXcQ,Copenhagen,4/10/2021,4/15/2021,Red Bull,Valve,red@fakecontact.org,4
Ivan Ivanov,Bulgaria,MinD_ContRoL,9/14/2004,8,Coach,G502 Hero,Mouse,Logitech,109,https://www.googleadservices.com/pagead/aclk?sa=L&ai=DChcSEwjr2oqJ-dWDAxUuZ0cBHWltDIwYABANGgJxdQ&ase=2&gclid=Cj0KCQiAwP6sBhDAARIsAPfK_wbgeJ4UQM0Dd29L--c620Y6wBpJ4nMFPkCMJCBYH9X1-uCdcrYAwUUaAkCCEALw_wcB&ohost=www.google.com&cid=CAESVuD2VyIaI_4Jx4ZjPRufTaoLRvGIB5Oo1KmMRB57Lk1Qi7Mx40Trkl4N8OmE5bUupenztSOb1xX-MmJeNSx7wr6SOJrm0KyZHNaeVUUlxRrRFo1jemWD&sig=AOD64_0JeWiZfAAav4XG3jbN1Qa3EJwqkw&ctype=5&q=&nis=4&ved=2ahUKEwi8jISJ-dWDAxXrkokEHZ0-DJYQ9aACKAB6BAgCEF8&adurl=,12/25/2021,Cloud9,Microsoft,2012,8,2021-01-18 14:56:18,3-0,72.88848,,CSGO,PGL CS2 Major,https://www.youtube.com/watch?v=dQw4w9WgXcQ,Copenhagen,4/10/2021,4/15/2021,Red Bull,Valve,red@fakecontact.org,4
Ivan Ivanov,Bulgaria,MinD_ContRoL,9/15/2004,9,Coach,RK61,Keyboard,Royal Kludge,50,https://www.googleadservices.com/pagead/aclk?sa=L&ai=DChcSEwjr2oqJ-dWDAxUuZ0cBHWltDIwYABANGgJxdQ&ase=2&gclid=Cj0KCQiAwP6sBhDAARIsAPfK_wbgeJ4UQM0Dd29L--c620Y6wBpJ4nMFPkCMJCBYH9X1-uCdcrYAwUUaAkCCEALw_wcB&ohost=www.google.com&cid=CAESVuD2VyIaI_4Jx4ZjPRufTaoLRvGIB5Oo1KmMRB57Lk1Qi7Mx40Trkl4N8OmE5bUupenztSOb1xX-MmJeNSx7wr6SOJrm0KyZHNaeVUUlxRrRFo1jemWD&sig=AOD64_0JeWiZfAAav4XG3jbN1Qa3EJwqkw&ctype=5&q=&nis=4&ved=2ahUKEwi8jISJ-dWDAxXrkokEHZ0-DJYQ9aACKAB6BAgCEF8&adurl=,7/14/2021,Cloud9,Microsoft,2012,8,2021-01-18 14:56:18,3-0,72.88848,,CSGO,PGL CS2 Major,https://www.youtube.com/watch?v=dQw4w9WgXcQ,Copenhagen,4/10/2021,4/15/2021,Red Bull,Valve,red@fakecontact.org,4
Ivan Ivanov,Bulgaria,MinD_ContRoL,9/16/2004,10,Coach,T35F,Monitor,Samsung,125,https://www.googleadservices.com/pagead/aclk?sa=L&ai=DChcSEwjr2oqJ-dWDAxUuZ0cBHWltDIwYABANGgJxdQ&ase=2&gclid=Cj0KCQiAwP6sBhDAARIsAPfK_wbgeJ4UQM0Dd29L--c620Y6wBpJ4nMFPkCMJCBYH9X1-uCdcrYAwUUaAkCCEALw_wcB&ohost=www.google.com&cid=CAESVuD2VyIaI_4Jx4ZjPRufTaoLRvGIB5Oo1KmMRB57Lk1Qi7Mx40Trkl4N8OmE5bUupenztSOb1xX-MmJeNSx7wr6SOJrm0KyZHNaeVUUlxRrRFo1jemWD&sig=AOD64_0JeWiZfAAav4XG3jbN1Qa3EJwqkw&ctype=5&q=&nis=4&ved=2ahUKEwi8jISJ-dWDAxXrkokEHZ0-DJYQ9aACKAB6BAgCEF8&adurl=,8/29/2023,Cloud9,Microsoft,2012,8,2021-01-18 14:56:18,3-0,72.88848,,CSGO,PGL CS2 Major,https://www.youtube.com/watch?v=dQw4w9WgXcQ,Copenhagen,4/10/2021,4/15/2021,Red Bull,Valve,red@fakecontact.org,4
Ivan Ivanov,Bulgaria,MinD_ContRoL,9/17/2004,11,Coach,A10,Headphones,Astro,60,https://www.googleadservices.com/pagead/aclk?sa=L&ai=DChcSEwjr2oqJ-dWDAxUuZ0cBHWltDIwYABANGgJxdQ&ase=2&gclid=Cj0KCQiAwP6sBhDAARIsAPfK_wbgeJ4UQM0Dd29L--c620Y6wBpJ4nMFPkCMJCBYH9X1-uCdcrYAwUUaAkCCEALw_wcB&ohost=www.google.com&cid=CAESVuD2VyIaI_4Jx4ZjPRufTaoLRvGIB5Oo1KmMRB57Lk1Qi7Mx40Trkl4N8OmE5bUupenztSOb1xX-MmJeNSx7wr6SOJrm0KyZHNaeVUUlxRrRFo1jemWD&sig=AOD64_0JeWiZfAAav4XG3jbN1Qa3EJwqkw&ctype=5&q=&nis=4&ved=2ahUKEwi8jISJ-dWDAxXrkokEHZ0-DJYQ9aACKAB6BAgCEF8&adurl=,8/24/2020,Cloud9,Microsoft,2012,8,2021-01-18 14:56:18,3-0,72.88848,,CSGO,PGL CS2 Major,https://www.youtube.com/watch?v=dQw4w9WgXcQ,Copenhagen,4/10/2021,4/15/2021,Red Bull,Valve,red@fakecontact.org,4
Ivan Ivanov,Bulgaria,MinD_ContRoL,9/14/2004,8,Coach,G502 Hero,Mouse,Logitech,109,https://www.googleadservices.com/pagead/aclk?sa=L&ai=DChcSEwjr2oqJ-dWDAxUuZ0cBHWltDIwYABANGgJxdQ&ase=2&gclid=Cj0KCQiAwP6sBhDAARIsAPfK_wbgeJ4UQM0Dd29L--c620Y6wBpJ4nMFPkCMJCBYH9X1-uCdcrYAwUUaAkCCEALw_wcB&ohost=www.google.com&cid=CAESVuD2VyIaI_4Jx4ZjPRufTaoLRvGIB5Oo1KmMRB57Lk1Qi7Mx40Trkl4N8OmE5bUupenztSOb1xX-MmJeNSx7wr6SOJrm0KyZHNaeVUUlxRrRFo1jemWD&sig=AOD64_0JeWiZfAAav4XG3jbN1Qa3EJwqkw&ctype=5&q=&nis=4&ved=2ahUKEwi8jISJ-dWDAxXrkokEHZ0-DJYQ9aACKAB6BAgCEF8&adurl=,12/25/2021,Cloud9,Microsoft,2012,9,2022-11-16 17:22:10,5-2,81.99954,,CSGO,PGL CS2 Major,https://www.youtube.com/watch?v=dQw4w9WgXcQ,Copenhagen,4/10/2021,4/15/2021,Red Bull,Valve,red@fakecontact.org,4
Ivan Ivanov,Bulgaria,MinD_ContRoL,9/15/2004,9,Coach,RK61,Keyboard,Royal Kludge,50,https://www.googleadservices.com/pagead/aclk?sa=L&ai=DChcSEwjr2oqJ-dWDAxUuZ0cBHWltDIwYABANGgJxdQ&ase=2&gclid=Cj0KCQiAwP6sBhDAARIsAPfK_wbgeJ4UQM0Dd29L--c620Y6wBpJ4nMFPkCMJCBYH9X1-uCdcrYAwUUaAkCCEALw_wcB&ohost=www.google.com&cid=CAESVuD2VyIaI_4Jx4ZjPRufTaoLRvGIB5Oo1KmMRB57Lk1Qi7Mx40Trkl4N8OmE5bUupenztSOb1xX-MmJeNSx7wr6SOJrm0KyZHNaeVUUlxRrRFo1jemWD&sig=AOD64_0JeWiZfAAav4XG3jbN1Qa3EJwqkw&ctype=5&q=&nis=4&ved=2ahUKEwi8jISJ-dWDAxXrkokEHZ0-DJYQ9aACKAB6BAgCEF8&adurl=,7/14/2021,Cloud9,Microsoft,2012,9,2022-11-16 17:22:10,5-2,81.99954,,CSGO,PGL CS2 Major,https://www.youtube.com/watch?v=dQw4w9WgXcQ,Copenhagen,4/10/2021,4/15/2021,Red Bull,Valve,red@fakecontact.org,4
Ivan Ivanov,Bulgaria,MinD_ContRoL,9/16/2004,10,Coach,T35F,Monitor,Samsung,125,https://www.googleadservices.com/pagead/aclk?sa=L&ai=DChcSEwjr2oqJ-dWDAxUuZ0cBHWltDIwYABANGgJxdQ&ase=2&gclid=Cj0KCQiAwP6sBhDAARIsAPfK_wbgeJ4UQM0Dd29L--c620Y6wBpJ4nMFPkCMJCBYH9X1-uCdcrYAwUUaAkCCEALw_wcB&ohost=www.google.com&cid=CAESVuD2VyIaI_4Jx4ZjPRufTaoLRvGIB5Oo1KmMRB57Lk1Qi7Mx40Trkl4N8OmE5bUupenztSOb1xX-MmJeNSx7wr6SOJrm0KyZHNaeVUUlxRrRFo1jemWD&sig=AOD64_0JeWiZfAAav4XG3jbN1Qa3EJwqkw&ctype=5&q=&nis=4&ved=2ahUKEwi8jISJ-dWDAxXrkokEHZ0-DJYQ9aACKAB6BAgCEF8&adurl=,8/29/2023,Cloud9,Microsoft,2012,9,2022-11-16 17:22:10,5-2,81.99954,,CSGO,PGL CS2 Major,https://www.youtube.com/watch?v=dQw4w9WgXcQ,Copenhagen,4/10/2021,4/15/2021,Red Bull,Valve,red@fakecontact.org,4
Ivan Ivanov,Bulgaria,MinD_ContRoL,9/17/2004,11,Coach,A10,Headphones,Astro,60,https://www.googleadservices.com/pagead/aclk?sa=L&ai=DChcSEwjr2oqJ-dWDAxUuZ0cBHWltDIwYABANGgJxdQ&ase=2&gclid=Cj0KCQiAwP6sBhDAARIsAPfK_wbgeJ4UQM0Dd29L--c620Y6wBpJ4nMFPkCMJCBYH9X1-uCdcrYAwUUaAkCCEALw_wcB&ohost=www.google.com&cid=CAESVuD2VyIaI_4Jx4ZjPRufTaoLRvGIB5Oo1KmMRB57Lk1Qi7Mx40Trkl4N8OmE5bUupenztSOb1xX-MmJeNSx7wr6SOJrm0KyZHNaeVUUlxRrRFo1jemWD&sig=AOD64_0JeWiZfAAav4XG3jbN1Qa3EJwqkw&ctype=5&q=&nis=4&ved=2ahUKEwi8jISJ-dWDAxXrkokEHZ0-DJYQ9aACKAB6BAgCEF8&adurl=,8/24/2020,Cloud9,Microsoft,2012,9,2022-11-16 17:22:10,5-2,81.99954,,CSGO,PGL CS2 Major,https://www.youtube.com/watch?v=dQw4w9WgXcQ,Copenhagen,4/10/2021,4/15/2021,Red Bull,Valve,red@fakecontact.org,4
Peter Dagar,United States,ppd,10/31/1999,2,Flank,Aerox 3,Mouse,Steel Series,89,https://www.googleadservices.com/pagead/aclk?sa=L&ai=DChcSEwjr2oqJ-dWDAxUuZ0cBHWltDIwYABANGgJxdQ&ase=2&gclid=Cj0KCQiAwP6sBhDAARIsAPfK_wbgeJ4UQM0Dd29L--c620Y6wBpJ4nMFPkCMJCBYH9X1-uCdcrYAwUUaAkCCEALw_wcB&ohost=www.google.com&cid=CAESVuD2VyIaI_4Jx4ZjPRufTaoLRvGIB5Oo1KmMRB57Lk1Qi7Mx40Trkl4N8OmE5bUupenztSOb1xX-MmJeNSx7wr6SOJrm0KyZHNaeVUUlxRrRFo1jemWD&sig=AOD64_0JeWiZfAAav4XG3jbN1Qa3EJwqkw&ctype=5&q=&nis=4&ved=2ahUKEwi8jISJ-dWDAxXrkokEHZ0-DJYQ9aACKAB6BAgCEF8&adurl=,2/14/2022,G2,Red Bull,2013,11,2021-02-17 14:08:22,2-2,100.22166,,League of Legends,LEC Winter 2024,https://www.youtube.com/watch?v=dQw4w9WgXcQ,London,2/17/2021,2/20/2021,Twitch,Mercedes Benz,ceo@twitch.com,2
Peter Dagar,United States,ppd,11/1/1999,3,Flank,Huntsman Mini,Keyboard,Razer,100,https://www.googleadservices.com/pagead/aclk?sa=L&ai=DChcSEwjr2oqJ-dWDAxUuZ0cBHWltDIwYABANGgJxdQ&ase=2&gclid=Cj0KCQiAwP6sBhDAARIsAPfK_wbgeJ4UQM0Dd29L--c620Y6wBpJ4nMFPkCMJCBYH9X1-uCdcrYAwUUaAkCCEALw_wcB&ohost=www.google.com&cid=CAESVuD2VyIaI_4Jx4ZjPRufTaoLRvGIB5Oo1KmMRB57Lk1Qi7Mx40Trkl4N8OmE5bUupenztSOb1xX-MmJeNSx7wr6SOJrm0KyZHNaeVUUlxRrRFo1jemWD&sig=AOD64_0JeWiZfAAav4XG3jbN1Qa3EJwqkw&ctype=5&q=&nis=4&ved=2ahUKEwi8jISJ-dWDAxXrkokEHZ0-DJYQ9aACKAB6BAgCEF8&adurl=,10/23/2021,G2,Red Bull,2013,11,2021-02-17 14:08:22,2-2,100.22166,,League of Legends,LEC Winter 2024,https://www.youtube.com/watch?v=dQw4w9WgXcQ,London,2/17/2021,2/20/2021,Twitch,Mercedes Benz,ceo@twitch.com,2
Peter Dagar,United States,ppd,11/2/1999,4,Flank,"Dell Curved Gaming 34""",Monitor,Dell,400,https://www.googleadservices.com/pagead/aclk?sa=L&ai=DChcSEwjr2oqJ-dWDAxUuZ0cBHWltDIwYABANGgJxdQ&ase=2&gclid=Cj0KCQiAwP6sBhDAARIsAPfK_wbgeJ4UQM0Dd29L--c620Y6wBpJ4nMFPkCMJCBYH9X1-uCdcrYAwUUaAkCCEALw_wcB&ohost=www.google.com&cid=CAESVuD2VyIaI_4Jx4ZjPRufTaoLRvGIB5Oo1KmMRB57Lk1Qi7Mx40Trkl4N8OmE5bUupenztSOb1xX-MmJeNSx7wr6SOJrm0KyZHNaeVUUlxRrRFo1jemWD&sig=AOD64_0JeWiZfAAav4XG3jbN1Qa3EJwqkw&ctype=5&q=&nis=4&ved=2ahUKEwi8jISJ-dWDAxXrkokEHZ0-DJYQ9aACKAB6BAgCEF8&adurl=,7/10/2021,G2,Red Bull,2013,11,2021-02-17 14:08:22,2-2,100.22166,,League of Legends,LEC Winter 2024,https://www.youtube.com/watch?v=dQw4w9WgXcQ,London,2/17/2021,2/20/2021,Twitch,Mercedes Benz,ceo@twitch.com,2
Peter Dagar,United States,ppd,11/3/1999,5,Flank,DT 990,Headphones,beyerdynamic,169,https://www.googleadservices.com/pagead/aclk?sa=L&ai=DChcSEwjr2oqJ-dWDAxUuZ0cBHWltDIwYABANGgJxdQ&ase=2&gclid=Cj0KCQiAwP6sBhDAARIsAPfK_wbgeJ4UQM0Dd29L--c620Y6wBpJ4nMFPkCMJCBYH9X1-uCdcrYAwUUaAkCCEALw_wcB&ohost=www.google.com&cid=CAESVuD2VyIaI_4Jx4ZjPRufTaoLRvGIB5Oo1KmMRB57Lk1Qi7Mx40Trkl4N8OmE5bUupenztSOb1xX-MmJeNSx7wr6SOJrm0KyZHNaeVUUlxRrRFo1jemWD&sig=AOD64_0JeWiZfAAav4XG3jbN1Qa3EJwqkw&ctype=5&q=&nis=4&ved=2ahUKEwi8jISJ-dWDAxXrkokEHZ0-DJYQ9aACKAB6BAgCEF8&adurl=,5/19/2022,G2,Red Bull,2013,11,2020-10-23 06:02:42,2-2,100.22166,,League of Legends,LEC Winter 2024,https://www.youtube.com/watch?v=dQw4w9WgXcQ,London,2/17/2021,2/20/2021,Twitch,Mercedes Benz,ceo@twitch.com,2
Peter Dagar,United States,ppd,10/31/1999,2,Flank,Aerox 3,Mouse,Steel Series,89,https://www.googleadservices.com/pagead/aclk?sa=L&ai=DChcSEwjr2oqJ-dWDAxUuZ0cBHWltDIwYABANGgJxdQ&ase=2&gclid=Cj0KCQiAwP6sBhDAARIsAPfK_wbgeJ4UQM0Dd29L--c620Y6wBpJ4nMFPkCMJCBYH9X1-uCdcrYAwUUaAkCCEALw_wcB&ohost=www.google.com&cid=CAESVuD2VyIaI_4Jx4ZjPRufTaoLRvGIB5Oo1KmMRB57Lk1Qi7Mx40Trkl4N8OmE5bUupenztSOb1xX-MmJeNSx7wr6SOJrm0KyZHNaeVUUlxRrRFo1jemWD&sig=AOD64_0JeWiZfAAav4XG3jbN1Qa3EJwqkw&ctype=5&q=&nis=4&ved=2ahUKEwi8jISJ-dWDAxXrkokEHZ0-DJYQ9aACKAB6BAgCEF8&adurl=,2/14/2022,G2,Red Bull,2013,14,2023-10-08 07:16:53,2-0,127.55484,,League of Legends,LEC Winter 2024,https://www.youtube.com/watch?v=dQw4w9WgXcQ,London,2/17/2021,2/20/2021,Twitch,Mercedes Benz,ceo@twitch.com,2
Peter Dagar,United States,ppd,11/1/1999,3,Flank,Huntsman Mini,Keyboard,Razer,100,https://www.googleadservices.com/pagead/aclk?sa=L&ai=DChcSEwjr2oqJ-dWDAxUuZ0cBHWltDIwYABANGgJxdQ&ase=2&gclid=Cj0KCQiAwP6sBhDAARIsAPfK_wbgeJ4UQM0Dd29L--c620Y6wBpJ4nMFPkCMJCBYH9X1-uCdcrYAwUUaAkCCEALw_wcB&ohost=www.google.com&cid=CAESVuD2VyIaI_4Jx4ZjPRufTaoLRvGIB5Oo1KmMRB57Lk1Qi7Mx40Trkl4N8OmE5bUupenztSOb1xX-MmJeNSx7wr6SOJrm0KyZHNaeVUUlxRrRFo1jemWD&sig=AOD64_0JeWiZfAAav4XG3jbN1Qa3EJwqkw&ctype=5&q=&nis=4&ved=2ahUKEwi8jISJ-dWDAxXrkokEHZ0-DJYQ9aACKAB6BAgCEF8&adurl=,10/23/2021,G2,Red Bull,2013,14,2023-10-08 07:16:53,2-0,127.55484,,League of Legends,LEC Winter 2024,https://www.youtube.com/watch?v=dQw4w9WgXcQ,London,2/17/2021,2/20/2021,Twitch,Mercedes Benz,ceo@twitch.com,2
Peter Dagar,United States,ppd,11/2/1999,4,Flank,"Dell Curved Gaming 34""",Monitor,Dell,400,https://www.googleadservices.com/pagead/aclk?sa=L&ai=DChcSEwjr2oqJ-dWDAxUuZ0cBHWltDIwYABANGgJxdQ&ase=2&gclid=Cj0KCQiAwP6sBhDAARIsAPfK_wbgeJ4UQM0Dd29L--c620Y6wBpJ4nMFPkCMJCBYH9X1-uCdcrYAwUUaAkCCEALw_wcB&ohost=www.google.com&cid=CAESVuD2VyIaI_4Jx4ZjPRufTaoLRvGIB5Oo1KmMRB57Lk1Qi7Mx40Trkl4N8OmE5bUupenztSOb1xX-MmJeNSx7wr6SOJrm0KyZHNaeVUUlxRrRFo1jemWD&sig=AOD64_0JeWiZfAAav4XG3jbN1Qa3EJwqkw&ctype=5&q=&nis=4&ved=2ahUKEwi8jISJ-dWDAxXrkokEHZ0-DJYQ9aACKAB6BAgCEF8&adurl=,7/10/2021,G2,Red Bull,2013,14,2023-10-08 07:16:53,2-0,127.55484,,League of Legends,LEC Winter 2024,https://www.youtube.com/watch?v=dQw4w9WgXcQ,London,2/17/2021,2/20/2021,Twitch,Mercedes Benz,ceo@twitch.com,2
Peter Dagar,United States,ppd,11/3/1999,5,Flank,DT 990,Headphones,beyerdynamic,169,https://www.googleadservices.com/pagead/aclk?sa=L&ai=DChcSEwjr2oqJ-dWDAxUuZ0cBHWltDIwYABANGgJxdQ&ase=2&gclid=Cj0KCQiAwP6sBhDAARIsAPfK_wbgeJ4UQM0Dd29L--c620Y6wBpJ4nMFPkCMJCBYH9X1-uCdcrYAwUUaAkCCEALw_wcB&ohost=www.google.com&cid=CAESVuD2VyIaI_4Jx4ZjPRufTaoLRvGIB5Oo1KmMRB57Lk1Qi7Mx40Trkl4N8OmE5bUupenztSOb1xX-MmJeNSx7wr6SOJrm0KyZHNaeVUUlxRrRFo1jemWD&sig=AOD64_0JeWiZfAAav4XG3jbN1Qa3EJwqkw&ctype=5&q=&nis=4&ved=2ahUKEwi8jISJ-dWDAxXrkokEHZ0-DJYQ9aACKAB6BAgCEF8&adurl=,5/19/2022,G2,Red Bull,2013,14,2023-10-08 07:16:53,2-0,127.55484,,League of Legends,LEC Winter 2024,https://www.youtube.com/watch?v=dQw4w9WgXcQ,London,2/17/2021,2/20/2021,Twitch,Mercedes Benz,ceo@twitch.com,2
Peter Dagar,United States,ppd,10/31/1999,2,Flank,Aerox 3,Mouse,Steel Series,89,https://www.googleadservices.com/pagead/aclk?sa=L&ai=DChcSEwjr2oqJ-dWDAxUuZ0cBHWltDIwYABANGgJxdQ&ase=2&gclid=Cj0KCQiAwP6sBhDAARIsAPfK_wbgeJ4UQM0Dd29L--c620Y6wBpJ4nMFPkCMJCBYH9X1-uCdcrYAwUUaAkCCEALw_wcB&ohost=www.google.com&cid=CAESVuD2VyIaI_4Jx4ZjPRufTaoLRvGIB5Oo1KmMRB57Lk1Qi7Mx40Trkl4N8OmE5bUupenztSOb1xX-MmJeNSx7wr6SOJrm0KyZHNaeVUUlxRrRFo1jemWD&sig=AOD64_0JeWiZfAAav4XG3jbN1Qa3EJwqkw&ctype=5&q=&nis=4&ved=2ahUKEwi8jISJ-dWDAxXrkokEHZ0-DJYQ9aACKAB6BAgCEF8&adurl=,2/14/2022,G2,Red Bull,2013,15,2021-09-07 07:42:17,5-3,136.6659,,League of Legends,LEC Winter 2024,https://www.youtube.com/watch?v=dQw4w9WgXcQ,London,2/17/2021,2/20/2021,Twitch,Mercedes Benz,ceo@twitch.com,2
Peter Dagar,United States,ppd,11/1/1999,3,Flank,Huntsman Mini,Keyboard,Razer,100,https://www.googleadservices.com/pagead/aclk?sa=L&ai=DChcSEwjr2oqJ-dWDAxUuZ0cBHWltDIwYABANGgJxdQ&ase=2&gclid=Cj0KCQiAwP6sBhDAARIsAPfK_wbgeJ4UQM0Dd29L--c620Y6wBpJ4nMFPkCMJCBYH9X1-uCdcrYAwUUaAkCCEALw_wcB&ohost=www.google.com&cid=CAESVuD2VyIaI_4Jx4ZjPRufTaoLRvGIB5Oo1KmMRB57Lk1Qi7Mx40Trkl4N8OmE5bUupenztSOb1xX-MmJeNSx7wr6SOJrm0KyZHNaeVUUlxRrRFo1jemWD&sig=AOD64_0JeWiZfAAav4XG3jbN1Qa3EJwqkw&ctype=5&q=&nis=4&ved=2ahUKEwi8jISJ-dWDAxXrkokEHZ0-DJYQ9aACKAB6BAgCEF8&adurl=,10/23/2021,G2,Red Bull,2013,15,2021-09-07 07:42:17,5-3,136.6659,,League of Legends,LEC Winter 2024,https://www.youtube.com/watch?v=dQw4w9WgXcQ,London,2/17/2021,2/20/2021,Twitch,Mercedes Benz,ceo@twitch.com,2
Peter Dagar,United States,ppd,11/2/1999,4,Flank,"Dell Curved Gaming 34""",Monitor,Dell,400,https://www.googleadservices.com/pagead/aclk?sa=L&ai=DChcSEwjr2oqJ-dWDAxUuZ0cBHWltDIwYABANGgJxdQ&ase=2&gclid=Cj0KCQiAwP6sBhDAARIsAPfK_wbgeJ4UQM0Dd29L--c620Y6wBpJ4nMFPkCMJCBYH9X1-uCdcrYAwUUaAkCCEALw_wcB&ohost=www.google.com&cid=CAESVuD2VyIaI_4Jx4ZjPRufTaoLRvGIB5Oo1KmMRB57Lk1Qi7Mx40Trkl4N8OmE5bUupenztSOb1xX-MmJeNSx7wr6SOJrm0KyZHNaeVUUlxRrRFo1jemWD&sig=AOD64_0JeWiZfAAav4XG3jbN1Qa3EJwqkw&ctype=5&q=&nis=4&ved=2ahUKEwi8jISJ-dWDAxXrkokEHZ0-DJYQ9aACKAB6BAgCEF8&adurl=,7/10/2021,G2,Red Bull,2013,15,2021-09-07 07:42:17,5-3,136.6659,,League of Legends,LEC Winter 2024,https://www.youtube.com/watch?v=dQw4w9WgXcQ,London,2/17/2021,2/20/2021,Twitch,Mercedes Benz,ceo@twitch.com,2
Peter Dagar,United States,ppd,11/3/1999,5,Flank,DT 990,Headphones,beyerdynamic,169,https://www.googleadservices.com/pagead/aclk?sa=L&ai=DChcSEwjr2oqJ-dWDAxUuZ0cBHWltDIwYABANGgJxdQ&ase=2&gclid=Cj0KCQiAwP6sBhDAARIsAPfK_wbgeJ4UQM0Dd29L--c620Y6wBpJ4nMFPkCMJCBYH9X1-uCdcrYAwUUaAkCCEALw_wcB&ohost=www.google.com&cid=CAESVuD2VyIaI_4Jx4ZjPRufTaoLRvGIB5Oo1KmMRB57Lk1Qi7Mx40Trkl4N8OmE5bUupenztSOb1xX-MmJeNSx7wr6SOJrm0KyZHNaeVUUlxRrRFo1jemWD&sig=AOD64_0JeWiZfAAav4XG3jbN1Qa3EJwqkw&ctype=5&q=&nis=4&ved=2ahUKEwi8jISJ-dWDAxXrkokEHZ0-DJYQ9aACKAB6BAgCEF8&adurl=,5/19/2022,G2,Red Bull,2013,15,2021-09-07 07:42:17,5-3,136.6659,,League of Legends,LEC Winter 2024,https://www.youtube.com/watch?v=dQw4w9WgXcQ,London,2/17/2021,2/20/2021,Twitch,Mercedes Benz,ceo@twitch.com,2
Tal Aizik,Israel,Fly,2/29/2004,5,Damage,DeathAdder,Mouse,Razer,27,https://www.googleadservices.com/pagead/aclk?sa=L&ai=DChcSEwjr2oqJ-dWDAxUuZ0cBHWltDIwYABANGgJxdQ&ase=2&gclid=Cj0KCQiAwP6sBhDAARIsAPfK_wbgeJ4UQM0Dd29L--c620Y6wBpJ4nMFPkCMJCBYH9X1-uCdcrYAwUUaAkCCEALw_wcB&ohost=www.google.com&cid=CAESVuD2VyIaI_4Jx4ZjPRufTaoLRvGIB5Oo1KmMRB57Lk1Qi7Mx40Trkl4N8OmE5bUupenztSOb1xX-MmJeNSx7wr6SOJrm0KyZHNaeVUUlxRrRFo1jemWD&sig=AOD64_0JeWiZfAAav4XG3jbN1Qa3EJwqkw&ctype=5&q=&nis=4&ved=2ahUKEwi8jISJ-dWDAxXrkokEHZ0-DJYQ9aACKAB6BAgCEF8&adurl=,1/26/2021,Team Liquid,Samsung,2000,17,2022-12-14 06:25:15,2-2,154.88802,,Overwatch,Aurora Cup,https://www.youtube.com/watch?v=dQw4w9WgXcQ,Remote,8/25/2021,8/29/2021,Blizzard,Coca-Cola,coke@cola.org,1
Tal Aizik,Israel,Fly,2/29/2004,6,Damage,RK61,Keyboard,Royal Kludge,50,https://www.googleadservices.com/pagead/aclk?sa=L&ai=DChcSEwjr2oqJ-dWDAxUuZ0cBHWltDIwYABANGgJxdQ&ase=2&gclid=Cj0KCQiAwP6sBhDAARIsAPfK_wbgeJ4UQM0Dd29L--c620Y6wBpJ4nMFPkCMJCBYH9X1-uCdcrYAwUUaAkCCEALw_wcB&ohost=www.google.com&cid=CAESVuD2VyIaI_4Jx4ZjPRufTaoLRvGIB5Oo1KmMRB57Lk1Qi7Mx40Trkl4N8OmE5bUupenztSOb1xX-MmJeNSx7wr6SOJrm0KyZHNaeVUUlxRrRFo1jemWD&sig=AOD64_0JeWiZfAAav4XG3jbN1Qa3EJwqkw&ctype=5&q=&nis=4&ved=2ahUKEwi8jISJ-dWDAxXrkokEHZ0-DJYQ9aACKAB6BAgCEF8&adurl=,5/23/2021,Team Liquid,Samsung,2000,17,2022-12-14 06:25:15,2-2,154.88802,,Overwatch,Aurora Cup,https://www.youtube.com/watch?v=dQw4w9WgXcQ,Remote,8/25/2021,8/29/2021,Blizzard,Coca-Cola,coke@cola.org,1
Tal Aizik,Israel,Fly,2/29/2004,7,Damage,T35F,Monitor,Samsung,125,https://www.googleadservices.com/pagead/aclk?sa=L&ai=DChcSEwjr2oqJ-dWDAxUuZ0cBHWltDIwYABANGgJxdQ&ase=2&gclid=Cj0KCQiAwP6sBhDAARIsAPfK_wbgeJ4UQM0Dd29L--c620Y6wBpJ4nMFPkCMJCBYH9X1-uCdcrYAwUUaAkCCEALw_wcB&ohost=www.google.com&cid=CAESVuD2VyIaI_4Jx4ZjPRufTaoLRvGIB5Oo1KmMRB57Lk1Qi7Mx40Trkl4N8OmE5bUupenztSOb1xX-MmJeNSx7wr6SOJrm0KyZHNaeVUUlxRrRFo1jemWD&sig=AOD64_0JeWiZfAAav4XG3jbN1Qa3EJwqkw&ctype=5&q=&nis=4&ved=2ahUKEwi8jISJ-dWDAxXrkokEHZ0-DJYQ9aACKAB6BAgCEF8&adurl=,2/28/2023,Team Liquid,Samsung,2000,17,2022-12-14 06:25:15,2-2,154.88802,,Overwatch,Aurora Cup,https://www.youtube.com/watch?v=dQw4w9WgXcQ,Remote,8/25/2021,8/29/2021,Blizzard,Coca-Cola,coke@cola.org,1
Tal Aizik,Israel,Fly,2/29/2004,8,Damage,A10,Headphones,Astro,60,https://www.googleadservices.com/pagead/aclk?sa=L&ai=DChcSEwjr2oqJ-dWDAxUuZ0cBHWltDIwYABANGgJxdQ&ase=2&gclid=Cj0KCQiAwP6sBhDAARIsAPfK_wbgeJ4UQM0Dd29L--c620Y6wBpJ4nMFPkCMJCBYH9X1-uCdcrYAwUUaAkCCEALw_wcB&ohost=www.google.com&cid=CAESVuD2VyIaI_4Jx4ZjPRufTaoLRvGIB5Oo1KmMRB57Lk1Qi7Mx40Trkl4N8OmE5bUupenztSOb1xX-MmJeNSx7wr6SOJrm0KyZHNaeVUUlxRrRFo1jemWD&sig=AOD64_0JeWiZfAAav4XG3jbN1Qa3EJwqkw&ctype=5&q=&nis=4&ved=2ahUKEwi8jISJ-dWDAxXrkokEHZ0-DJYQ9aACKAB6BAgCEF8&adurl=,1/1/2022,Team Liquid,Samsung,2000,17,2022-12-14 06:25:15,2-2,154.88802,,Overwatch,Aurora Cup,https://www.youtube.com/watch?v=dQw4w9WgXcQ,Remote,8/25/2021,8/29/2021,Blizzard,Coca-Cola,coke@cola.org,1
Tal Aizik,Israel,Fly,2/29/2004,5,Damage,DeathAdder,Mouse,Razer,27,https://www.googleadservices.com/pagead/aclk?sa=L&ai=DChcSEwjr2oqJ-dWDAxUuZ0cBHWltDIwYABANGgJxdQ&ase=2&gclid=Cj0KCQiAwP6sBhDAARIsAPfK_wbgeJ4UQM0Dd29L--c620Y6wBpJ4nMFPkCMJCBYH9X1-uCdcrYAwUUaAkCCEALw_wcB&ohost=www.google.com&cid=CAESVuD2VyIaI_4Jx4ZjPRufTaoLRvGIB5Oo1KmMRB57Lk1Qi7Mx40Trkl4N8OmE5bUupenztSOb1xX-MmJeNSx7wr6SOJrm0KyZHNaeVUUlxRrRFo1jemWD&sig=AOD64_0JeWiZfAAav4XG3jbN1Qa3EJwqkw&ctype=5&q=&nis=4&ved=2ahUKEwi8jISJ-dWDAxXrkokEHZ0-DJYQ9aACKAB6BAgCEF8&adurl=,1/26/2021,Team Liquid,Samsung,2000,18,2021-08-20 09:59:20,0-2,163.99908,,Overwatch,Aurora Cup,https://www.youtube.com/watch?v=dQw4w9WgXcQ,Remote,8/25/2021,8/29/2021,Blizzard,Coca-Cola,coke@cola.org,1
Tal Aizik,Israel,Fly,2/29/2004,6,Damage,RK61,Keyboard,Royal Kludge,50,https://www.googleadservices.com/pagead/aclk?sa=L&ai=DChcSEwjr2oqJ-dWDAxUuZ0cBHWltDIwYABANGgJxdQ&ase=2&gclid=Cj0KCQiAwP6sBhDAARIsAPfK_wbgeJ4UQM0Dd29L--c620Y6wBpJ4nMFPkCMJCBYH9X1-uCdcrYAwUUaAkCCEALw_wcB&ohost=www.google.com&cid=CAESVuD2VyIaI_4Jx4ZjPRufTaoLRvGIB5Oo1KmMRB57Lk1Qi7Mx40Trkl4N8OmE5bUupenztSOb1xX-MmJeNSx7wr6SOJrm0KyZHNaeVUUlxRrRFo1jemWD&sig=AOD64_0JeWiZfAAav4XG3jbN1Qa3EJwqkw&ctype=5&q=&nis=4&ved=2ahUKEwi8jISJ-dWDAxXrkokEHZ0-DJYQ9aACKAB6BAgCEF8&adurl=,5/23/2021,Team Liquid,Samsung,2000,18,2021-08-20 09:59:20,0-2,163.99908,,Overwatch,Aurora Cup,https://www.youtube.com/watch?v=dQw4w9WgXcQ,Remote,8/25/2021,8/29/2021,Blizzard,Coca-Cola,coke@cola.org,1
Tal Aizik,Israel,Fly,2/29/2004,7,Damage,T35F,Monitor,Samsung,125,https://www.googleadservices.com/pagead/aclk?sa=L&ai=DChcSEwjr2oqJ-dWDAxUuZ0cBHWltDIwYABANGgJxdQ&ase=2&gclid=Cj0KCQiAwP6sBhDAARIsAPfK_wbgeJ4UQM0Dd29L--c620Y6wBpJ4nMFPkCMJCBYH9X1-uCdcrYAwUUaAkCCEALw_wcB&ohost=www.google.com&cid=CAESVuD2VyIaI_4Jx4ZjPRufTaoLRvGIB5Oo1KmMRB57Lk1Qi7Mx40Trkl4N8OmE5bUupenztSOb1xX-MmJeNSx7wr6SOJrm0KyZHNaeVUUlxRrRFo1jemWD&sig=AOD64_0JeWiZfAAav4XG3jbN1Qa3EJwqkw&ctype=5&q=&nis=4&ved=2ahUKEwi8jISJ-dWDAxXrkokEHZ0-DJYQ9aACKAB6BAgCEF8&adurl=,2/28/2023,Team Liquid,Samsung,2000,18,2021-08-20 09:59:20,0-2,163.99908,,Overwatch,Aurora Cup,https://www.youtube.com/watch?v=dQw4w9WgXcQ,Remote,8/25/2021,8/29/2021,Blizzard,Coca-Cola,coke@cola.org,1
Tal Aizik,Israel,Fly,2/29/2004,8,Damage,A10,Headphones,Astro,60,https://www.googleadservices.com/pagead/aclk?sa=L&ai=DChcSEwjr2oqJ-dWDAxUuZ0cBHWltDIwYABANGgJxdQ&ase=2&gclid=Cj0KCQiAwP6sBhDAARIsAPfK_wbgeJ4UQM0Dd29L--c620Y6wBpJ4nMFPkCMJCBYH9X1-uCdcrYAwUUaAkCCEALw_wcB&ohost=www.google.com&cid=CAESVuD2VyIaI_4Jx4ZjPRufTaoLRvGIB5Oo1KmMRB57Lk1Qi7Mx40Trkl4N8OmE5bUupenztSOb1xX-MmJeNSx7wr6SOJrm0KyZHNaeVUUlxRrRFo1jemWD&sig=AOD64_0JeWiZfAAav4XG3jbN1Qa3EJwqkw&ctype=5&q=&nis=4&ved=2ahUKEwi8jISJ-dWDAxXrkokEHZ0-DJYQ9aACKAB6BAgCEF8&adurl=,1/1/2022,Team Liquid,Samsung,2000,18,2021-08-20 09:59:20,0-2,163.99908,,Overwatch,Aurora Cup,https://www.youtube.com/watch?v=dQw4w9WgXcQ,Remote,8/25/2021,8/29/2021,Blizzard,Coca-Cola,coke@cola.org,1
Tal Aizik,Israel,Fly,2/29/2004,5,Damage,DeathAdder,Mouse,Razer,27,https://www.googleadservices.com/pagead/aclk?sa=L&ai=DChcSEwjr2oqJ-dWDAxUuZ0cBHWltDIwYABANGgJxdQ&ase=2&gclid=Cj0KCQiAwP6sBhDAARIsAPfK_wbgeJ4UQM0Dd29L--c620Y6wBpJ4nMFPkCMJCBYH9X1-uCdcrYAwUUaAkCCEALw_wcB&ohost=www.google.com&cid=CAESVuD2VyIaI_4Jx4ZjPRufTaoLRvGIB5Oo1KmMRB57Lk1Qi7Mx40Trkl4N8OmE5bUupenztSOb1xX-MmJeNSx7wr6SOJrm0KyZHNaeVUUlxRrRFo1jemWD&sig=AOD64_0JeWiZfAAav4XG3jbN1Qa3EJwqkw&ctype=5&q=&nis=4&ved=2ahUKEwi8jISJ-dWDAxXrkokEHZ0-DJYQ9aACKAB6BAgCEF8&adurl=,1/26/2021,Team Liquid,Samsung,2000,19,2021-12-26 17:44:52,2-2,173.11014,,Overwatch,Aurora Cup,https://www.youtube.com/watch?v=dQw4w9WgXcQ,Remote,8/25/2021,8/29/2021,Blizzard,Coca-Cola,coke@cola.org,1
Tal Aizik,Israel,Fly,2/29/2004,6,Damage,RK61,Keyboard,Royal Kludge,50,https://www.googleadservices.com/pagead/aclk?sa=L&ai=DChcSEwjr2oqJ-dWDAxUuZ0cBHWltDIwYABANGgJxdQ&ase=2&gclid=Cj0KCQiAwP6sBhDAARIsAPfK_wbgeJ4UQM0Dd29L--c620Y6wBpJ4nMFPkCMJCBYH9X1-uCdcrYAwUUaAkCCEALw_wcB&ohost=www.google.com&cid=CAESVuD2VyIaI_4Jx4ZjPRufTaoLRvGIB5Oo1KmMRB57Lk1Qi7Mx40Trkl4N8OmE5bUupenztSOb1xX-MmJeNSx7wr6SOJrm0KyZHNaeVUUlxRrRFo1jemWD&sig=AOD64_0JeWiZfAAav4XG3jbN1Qa3EJwqkw&ctype=5&q=&nis=4&ved=2ahUKEwi8jISJ-dWDAxXrkokEHZ0-DJYQ9aACKAB6BAgCEF8&adurl=,5/23/2021,Team Liquid,Samsung,2000,19,2021-12-26 17:44:52,2-2,173.11014,,Overwatch,Aurora Cup,https://www.youtube.com/watch?v=dQw4w9WgXcQ,Remote,8/25/2021,8/29/2021,Blizzard,Coca-Cola,coke@cola.org,1
Tal Aizik,Israel,Fly,2/29/2004,7,Damage,T35F,Monitor,Samsung,125,https://www.googleadservices.com/pagead/aclk?sa=L&ai=DChcSEwjr2oqJ-dWDAxUuZ0cBHWltDIwYABANGgJxdQ&ase=2&gclid=Cj0KCQiAwP6sBhDAARIsAPfK_wbgeJ4UQM0Dd29L--c620Y6wBpJ4nMFPkCMJCBYH9X1-uCdcrYAwUUaAkCCEALw_wcB&ohost=www.google.com&cid=CAESVuD2VyIaI_4Jx4ZjPRufTaoLRvGIB5Oo1KmMRB57Lk1Qi7Mx40Trkl4N8OmE5bUupenztSOb1xX-MmJeNSx7wr6SOJrm0KyZHNaeVUUlxRrRFo1jemWD&sig=AOD64_0JeWiZfAAav4XG3jbN1Qa3EJwqkw&ctype=5&q=&nis=4&ved=2ahUKEwi8jISJ-dWDAxXrkokEHZ0-DJYQ9aACKAB6BAgCEF8&adurl=,2/28/2023,Team Liquid,Samsung,2000,19,2021-12-26 17:44:52,2-2,173.11014,,Overwatch,Aurora Cup,https://www.youtube.com/watch?v=dQw4w9WgXcQ,Remote,8/25/2021,8/29/2021,Blizzard,Coca-Cola,coke@cola.org,1
Tal Aizik,Israel,Fly,2/29/2004,8,Damage,A10,Headphones,Astro,60,https://www.googleadservices.com/pagead/aclk?sa=L&ai=DChcSEwjr2oqJ-dWDAxUuZ0cBHWltDIwYABANGgJxdQ&ase=2&gclid=Cj0KCQiAwP6sBhDAARIsAPfK_wbgeJ4UQM0Dd29L--c620Y6wBpJ4nMFPkCMJCBYH9X1-uCdcrYAwUUaAkCCEALw_wcB&ohost=www.google.com&cid=CAESVuD2VyIaI_4Jx4ZjPRufTaoLRvGIB5Oo1KmMRB57Lk1Qi7Mx40Trkl4N8OmE5bUupenztSOb1xX-MmJeNSx7wr6SOJrm0KyZHNaeVUUlxRrRFo1jemWD&sig=AOD64_0JeWiZfAAav4XG3jbN1Qa3EJwqkw&ctype=5&q=&nis=4&ved=2ahUKEwi8jISJ-dWDAxXrkokEHZ0-DJYQ9aACKAB6BAgCEF8&adurl=,1/1/2022,Team Liquid,Samsung,2000,19,2021-12-26 17:44:52,2-2,173.11014,,Overwatch,Aurora Cup,https://www.youtube.com/watch?v=dQw4w9WgXcQ,Remote,8/25/2021,8/29/2021,Blizzard,Coca-Cola,coke@cola.org,1
Clinton Loomis,United States,Fear,11/25/2000,9,Support,Scimitar,Mouse,Corsair,60,https://www.googleadservices.com/pagead/aclk?sa=L&ai=DChcSEwjr2oqJ-dWDAxUuZ0cBHWltDIwYABANGgJxdQ&ase=2&gclid=Cj0KCQiAwP6sBhDAARIsAPfK_wbgeJ4UQM0Dd29L--c620Y6wBpJ4nMFPkCMJCBYH9X1-uCdcrYAwUUaAkCCEALw_wcB&ohost=www.google.com&cid=CAESVuD2VyIaI_4Jx4ZjPRufTaoLRvGIB5Oo1KmMRB57Lk1Qi7Mx40Trkl4N8OmE5bUupenztSOb1xX-MmJeNSx7wr6SOJrm0KyZHNaeVUUlxRrRFo1jemWD&sig=AOD64_0JeWiZfAAav4XG3jbN1Qa3EJwqkw&ctype=5&q=&nis=4&ved=2ahUKEwi8jISJ-dWDAxXrkokEHZ0-DJYQ9aACKAB6BAgCEF8&adurl=,9/29/2023,Cloud9,Microsoft,2012,1,2022-11-27 23:36:12,2-0,9.11106,,Valorant,VALORANT Challengers 2024,https://www.youtube.com/watch?v=dQw4w9WgXcQ,United States,11/27/2022,11/30/2022,Riot,Prime Gaming,prime@fakecontact.org,7
Clinton Loomis,United States,Fear,11/26/2000,10,Support,G713,Keyboard,Logitech,170,https://www.googleadservices.com/pagead/aclk?sa=L&ai=DChcSEwiIvruw99WDAxWgTEcBHe6-BY4YABAWGgJxdQ&ase=2&gclid=Cj0KCQiAwP6sBhDAARIsAPfK_warRxDFmTwm9Cnr9rRqbUvtc_St0k-iuYTqVf_DbnjIRSdp-GWykQ8aAnOSEALw_wcB&ohost=www.google.com&cid=CAESVuD2jg7K_xIaeddM_VmYaGIOvXKX0TY3EZfbi-TBQSflNEgeFh6Qs9vhZXLtqJhq5RjPZPeJXrGpACoBGBqOOObdLmzGRTxJz40qUbfrDQ4uvWilS0aH&sig=AOD64_3Civ90UfseoOf4Zd7WjVK9k3dZRw&ctype=5&q=&nis=4&ved=2ahUKEwjJ5LOw99WDAxXNjIkEHRDMCNwQ9aACKAB6BAgBEG8&adurl=,12/31/2020,Cloud9,Microsoft,2012,1,2022-11-27 23:36:12,2-0,9.11106,,Valorant,VALORANT Challengers 2024,https://www.youtube.com/watch?v=dQw4w9WgXcQ,United States,11/27/2022,11/30/2022,Riot,Prime Gaming,prime@fakecontact.org,7
Clinton Loomis,United States,Fear,11/27/2000,11,Support,"Curved 24.5""",Monitor,Scepter,138,https://www.googleadservices.com/pagead/aclk?sa=L&ai=DChcSEwjr2oqJ-dWDAxUuZ0cBHWltDIwYABANGgJxdQ&ase=2&gclid=Cj0KCQiAwP6sBhDAARIsAPfK_wbgeJ4UQM0Dd29L--c620Y6wBpJ4nMFPkCMJCBYH9X1-uCdcrYAwUUaAkCCEALw_wcB&ohost=www.google.com&cid=CAESVuD2VyIaI_4Jx4ZjPRufTaoLRvGIB5Oo1KmMRB57Lk1Qi7Mx40Trkl4N8OmE5bUupenztSOb1xX-MmJeNSx7wr6SOJrm0KyZHNaeVUUlxRrRFo1jemWD&sig=AOD64_0JeWiZfAAav4XG3jbN1Qa3EJwqkw&ctype=5&q=&nis=4&ved=2ahUKEwi8jISJ-dWDAxXrkokEHZ0-DJYQ9aACKAB6BAgCEF8&adurl=,1/20/2019,Cloud9,Microsoft,2012,1,2022-11-27 23:36:12,2-0,9.11106,,Valorant,VALORANT Challengers 2024,https://www.youtube.com/watch?v=dQw4w9WgXcQ,United States,11/27/2022,11/30/2022,Riot,Prime Gaming,prime@fakecontact.org,7
Clinton Loomis,United States,Fear,11/28/2000,12,Support,DT 990,Headphones,beyerdynamic,169,https://www.googleadservices.com/pagead/aclk?sa=L&ai=DChcSEwjr2oqJ-dWDAxUuZ0cBHWltDIwYABANGgJxdQ&ase=2&gclid=Cj0KCQiAwP6sBhDAARIsAPfK_wbgeJ4UQM0Dd29L--c620Y6wBpJ4nMFPkCMJCBYH9X1-uCdcrYAwUUaAkCCEALw_wcB&ohost=www.google.com&cid=CAESVuD2VyIaI_4Jx4ZjPRufTaoLRvGIB5Oo1KmMRB57Lk1Qi7Mx40Trkl4N8OmE5bUupenztSOb1xX-MmJeNSx7wr6SOJrm0KyZHNaeVUUlxRrRFo1jemWD&sig=AOD64_0JeWiZfAAav4XG3jbN1Qa3EJwqkw&ctype=5&q=&nis=4&ved=2ahUKEwi8jISJ-dWDAxXrkokEHZ0-DJYQ9aACKAB6BAgCEF8&adurl=,11/17/2023,Cloud9,Microsoft,2012,1,2022-11-27 23:36:12,2-0,9.11106,,Valorant,VALORANT Challengers 2024,https://www.youtube.com/watch?v=dQw4w9WgXcQ,United States,11/27/2022,11/30/2022,Riot,Prime Gaming,prime@fakecontact.org,7
Clinton Loomis,United States,Fear,11/25/2000,9,Support,Scimitar,Mouse,Corsair,60,https://www.googleadservices.com/pagead/aclk?sa=L&ai=DChcSEwjr2oqJ-dWDAxUuZ0cBHWltDIwYABANGgJxdQ&ase=2&gclid=Cj0KCQiAwP6sBhDAARIsAPfK_wbgeJ4UQM0Dd29L--c620Y6wBpJ4nMFPkCMJCBYH9X1-uCdcrYAwUUaAkCCEALw_wcB&ohost=www.google.com&cid=CAESVuD2VyIaI_4Jx4ZjPRufTaoLRvGIB5Oo1KmMRB57Lk1Qi7Mx40Trkl4N8OmE5bUupenztSOb1xX-MmJeNSx7wr6SOJrm0KyZHNaeVUUlxRrRFo1jemWD&sig=AOD64_0JeWiZfAAav4XG3jbN1Qa3EJwqkw&ctype=5&q=&nis=4&ved=2ahUKEwi8jISJ-dWDAxXrkokEHZ0-DJYQ9aACKAB6BAgCEF8&adurl=,9/29/2023,Cloud9,Microsoft,2012,4,2023-06-26 20:20:08,3-4,36.44424,,Valorant,VALORANT Challengers 2024,https://www.youtube.com/watch?v=dQw4w9WgXcQ,United States,11/27/2022,11/30/2022,Riot,Prime Gaming,prime@fakecontact.org,7
Clinton Loomis,United States,Fear,11/26/2000,10,Support,G713,Keyboard,Logitech,170,https://www.googleadservices.com/pagead/aclk?sa=L&ai=DChcSEwiIvruw99WDAxWgTEcBHe6-BY4YABAWGgJxdQ&ase=2&gclid=Cj0KCQiAwP6sBhDAARIsAPfK_warRxDFmTwm9Cnr9rRqbUvtc_St0k-iuYTqVf_DbnjIRSdp-GWykQ8aAnOSEALw_wcB&ohost=www.google.com&cid=CAESVuD2jg7K_xIaeddM_VmYaGIOvXKX0TY3EZfbi-TBQSflNEgeFh6Qs9vhZXLtqJhq5RjPZPeJXrGpACoBGBqOOObdLmzGRTxJz40qUbfrDQ4uvWilS0aH&sig=AOD64_3Civ90UfseoOf4Zd7WjVK9k3dZRw&ctype=5&q=&nis=4&ved=2ahUKEwjJ5LOw99WDAxXNjIkEHRDMCNwQ9aACKAB6BAgBEG8&adurl=,12/31/2020,Cloud9,Microsoft,2012,4,2023-06-26 20:20:08,3-4,36.44424,,Valorant,VALORANT Challengers 2024,https://www.youtube.com/watch?v=dQw4w9WgXcQ,United States,11/27/2022,11/30/2022,Riot,Prime Gaming,prime@fakecontact.org,7
Clinton Loomis,United States,Fear,11/27/2000,11,Support,"Curved 24.5""",Monitor,Scepter,138,https://www.googleadservices.com/pagead/aclk?sa=L&ai=DChcSEwjr2oqJ-dWDAxUuZ0cBHWltDIwYABANGgJxdQ&ase=2&gclid=Cj0KCQiAwP6sBhDAARIsAPfK_wbgeJ4UQM0Dd29L--c620Y6wBpJ4nMFPkCMJCBYH9X1-uCdcrYAwUUaAkCCEALw_wcB&ohost=www.google.com&cid=CAESVuD2VyIaI_4Jx4ZjPRufTaoLRvGIB5Oo1KmMRB57Lk1Qi7Mx40Trkl4N8OmE5bUupenztSOb1xX-MmJeNSx7wr6SOJrm0KyZHNaeVUUlxRrRFo1jemWD&sig=AOD64_0JeWiZfAAav4XG3jbN1Qa3EJwqkw&ctype=5&q=&nis=4&ved=2ahUKEwi8jISJ-dWDAxXrkokEHZ0-DJYQ9aACKAB6BAgCEF8&adurl=,1/20/2019,Cloud9,Microsoft,2012,4,2023-06-26 20:20:08,3-4,36.44424,,Valorant,VALORANT Challengers 2024,https://www.youtube.com/watch?v=dQw4w9WgXcQ,United States,11/27/2022,11/30/2022,Riot,Prime Gaming,prime@fakecontact.org,7
Clinton Loomis,United States,Fear,11/28/2000,12,Support,DT 990,Headphones,beyerdynamic,169,https://www.googleadservices.com/pagead/aclk?sa=L&ai=DChcSEwjr2oqJ-dWDAxUuZ0cBHWltDIwYABANGgJxdQ&ase=2&gclid=Cj0KCQiAwP6sBhDAARIsAPfK_wbgeJ4UQM0Dd29L--c620Y6wBpJ4nMFPkCMJCBYH9X1-uCdcrYAwUUaAkCCEALw_wcB&ohost=www.google.com&cid=CAESVuD2VyIaI_4Jx4ZjPRufTaoLRvGIB5Oo1KmMRB57Lk1Qi7Mx40Trkl4N8OmE5bUupenztSOb1xX-MmJeNSx7wr6SOJrm0KyZHNaeVUUlxRrRFo1jemWD&sig=AOD64_0JeWiZfAAav4XG3jbN1Qa3EJwqkw&ctype=5&q=&nis=4&ved=2ahUKEwi8jISJ-dWDAxXrkokEHZ0-DJYQ9aACKAB6BAgCEF8&adurl=,11/17/2023,Cloud9,Microsoft,2012,4,2023-06-26 20:20:08,3-4,36.44424,,Valorant,VALORANT Challengers 2024,https://www.youtube.com/watch?v=dQw4w9WgXcQ,United States,11/27/2022,11/30/2022,Riot,Prime Gaming,prime@fakecontact.org,7
Clinton Loomis,United States,Fear,11/25/2000,9,Support,Scimitar,Mouse,Corsair,60,https://www.googleadservices.com/pagead/aclk?sa=L&ai=DChcSEwjr2oqJ-dWDAxUuZ0cBHWltDIwYABANGgJxdQ&ase=2&gclid=Cj0KCQiAwP6sBhDAARIsAPfK_wbgeJ4UQM0Dd29L--c620Y6wBpJ4nMFPkCMJCBYH9X1-uCdcrYAwUUaAkCCEALw_wcB&ohost=www.google.com&cid=CAESVuD2VyIaI_4Jx4ZjPRufTaoLRvGIB5Oo1KmMRB57Lk1Qi7Mx40Trkl4N8OmE5bUupenztSOb1xX-MmJeNSx7wr6SOJrm0KyZHNaeVUUlxRrRFo1jemWD&sig=AOD64_0JeWiZfAAav4XG3jbN1Qa3EJwqkw&ctype=5&q=&nis=4&ved=2ahUKEwi8jISJ-dWDAxXrkokEHZ0-DJYQ9aACKAB6BAgCEF8&adurl=,9/29/2023,Cloud9,Microsoft,2012,5,2023-04-04 20:58:28,0-5,45.5553,,Valorant,VALORANT Challengers 2024,https://www.youtube.com/watch?v=dQw4w9WgXcQ,United States,11/27/2022,11/30/2022,Riot,Prime Gaming,prime@fakecontact.org,7
Clinton Loomis,United States,Fear,11/26/2000,10,Support,G713,Keyboard,Logitech,170,https://www.googleadservices.com/pagead/aclk?sa=L&ai=DChcSEwiIvruw99WDAxWgTEcBHe6-BY4YABAWGgJxdQ&ase=2&gclid=Cj0KCQiAwP6sBhDAARIsAPfK_warRxDFmTwm9Cnr9rRqbUvtc_St0k-iuYTqVf_DbnjIRSdp-GWykQ8aAnOSEALw_wcB&ohost=www.google.com&cid=CAESVuD2jg7K_xIaeddM_VmYaGIOvXKX0TY3EZfbi-TBQSflNEgeFh6Qs9vhZXLtqJhq5RjPZPeJXrGpACoBGBqOOObdLmzGRTxJz40qUbfrDQ4uvWilS0aH&sig=AOD64_3Civ90UfseoOf4Zd7WjVK9k3dZRw&ctype=5&q=&nis=4&ved=2ahUKEwjJ5LOw99WDAxXNjIkEHRDMCNwQ9aACKAB6BAgBEG8&adurl=,12/31/2020,Cloud9,Microsoft,2012,5,2023-04-04 20:58:28,0-5,45.5553,,Valorant,VALORANT Challengers 2024,https://www.youtube.com/watch?v=dQw4w9WgXcQ,United States,11/27/2022,11/30/2022,Riot,Prime Gaming,prime@fakecontact.org,7
Clinton Loomis,United States,Fear,11/27/2000,11,Support,"Curved 24.5""",Monitor,Scepter,138,https://www.googleadservices.com/pagead/aclk?sa=L&ai=DChcSEwjr2oqJ-dWDAxUuZ0cBHWltDIwYABANGgJxdQ&ase=2&gclid=Cj0KCQiAwP6sBhDAARIsAPfK_wbgeJ4UQM0Dd29L--c620Y6wBpJ4nMFPkCMJCBYH9X1-uCdcrYAwUUaAkCCEALw_wcB&ohost=www.google.com&cid=CAESVuD2VyIaI_4Jx4ZjPRufTaoLRvGIB5Oo1KmMRB57Lk1Qi7Mx40Trkl4N8OmE5bUupenztSOb1xX-MmJeNSx7wr6SOJrm0KyZHNaeVUUlxRrRFo1jemWD&sig=AOD64_0JeWiZfAAav4XG3jbN1Qa3EJwqkw&ctype=5&q=&nis=4&ved=2ahUKEwi8jISJ-dWDAxXrkokEHZ0-DJYQ9aACKAB6BAgCEF8&adurl=,1/20/2019,Cloud9,Microsoft,2012,5,2023-04-04 20:58:28,0-5,45.5553,,Valorant,VALORANT Challengers 2024,https://www.youtube.com/watch?v=dQw4w9WgXcQ,United States,11/27/2022,11/30/2022,Riot,Prime Gaming,prime@fakecontact.org,7
Clinton Loomis,United States,Fear,11/28/2000,12,Support,DT 990,Headphones,beyerdynamic,169,https://www.googleadservices.com/pagead/aclk?sa=L&ai=DChcSEwjr2oqJ-dWDAxUuZ0cBHWltDIwYABANGgJxdQ&ase=2&gclid=Cj0KCQiAwP6sBhDAARIsAPfK_wbgeJ4UQM0Dd29L--c620Y6wBpJ4nMFPkCMJCBYH9X1-uCdcrYAwUUaAkCCEALw_wcB&ohost=www.google.com&cid=CAESVuD2VyIaI_4Jx4ZjPRufTaoLRvGIB5Oo1KmMRB57Lk1Qi7Mx40Trkl4N8OmE5bUupenztSOb1xX-MmJeNSx7wr6SOJrm0KyZHNaeVUUlxRrRFo1jemWD&sig=AOD64_0JeWiZfAAav4XG3jbN1Qa3EJwqkw&ctype=5&q=&nis=4&ved=2ahUKEwi8jISJ-dWDAxXrkokEHZ0-DJYQ9aACKAB6BAgCEF8&adurl=,11/17/2023,Cloud9,Microsoft,2012,5,2023-04-04 20:58:28,0-5,45.5553,,Valorant,VALORANT Challengers 2024,https://www.youtube.com/watch?v=dQw4w9WgXcQ,United States,11/27/2022,11/30/2022,Riot,Prime Gaming,prime@fakecontact.org,7
David Wong,Austria,Aqua,12/3/1996,4,Tank,Basilisk v3,Mouse,Razer,50,https://www.googleadservices.com/pagead/aclk?sa=L&ai=DChcSEwjr2oqJ-dWDAxUuZ0cBHWltDIwYABANGgJxdQ&ase=2&gclid=Cj0KCQiAwP6sBhDAARIsAPfK_wbgeJ4UQM0Dd29L--c620Y6wBpJ4nMFPkCMJCBYH9X1-uCdcrYAwUUaAkCCEALw_wcB&ohost=www.google.com&cid=CAESVuD2VyIaI_4Jx4ZjPRufTaoLRvGIB5Oo1KmMRB57Lk1Qi7Mx40Trkl4N8OmE5bUupenztSOb1xX-MmJeNSx7wr6SOJrm0KyZHNaeVUUlxRrRFo1jemWD&sig=AOD64_0JeWiZfAAav4XG3jbN1Qa3EJwqkw&ctype=5&q=&nis=4&ved=2ahUKEwi8jISJ-dWDAxXrkokEHZ0-DJYQ9aACKAB6BAgCEF8&adurl=,4/28/2019,G2,Red Bull,2013,7,2023-09-13 01:34:47,0-4,63.77742,,CSGO,PGL CS2 Major,https://www.youtube.com/watch?v=dQw4w9WgXcQ,Copenhagen,4/10/2021,4/15/2021,Red Bull,Valve,red@fakecontact.org,4
David Wong,Austria,Aqua,12/4/1996,5,Tank,Kraken Pro,Keyboard,Kraken Keyboards,119,https://www.googleadservices.com/pagead/aclk?sa=L&ai=DChcSEwjr2oqJ-dWDAxUuZ0cBHWltDIwYABANGgJxdQ&ase=2&gclid=Cj0KCQiAwP6sBhDAARIsAPfK_wbgeJ4UQM0Dd29L--c620Y6wBpJ4nMFPkCMJCBYH9X1-uCdcrYAwUUaAkCCEALw_wcB&ohost=www.google.com&cid=CAESVuD2VyIaI_4Jx4ZjPRufTaoLRvGIB5Oo1KmMRB57Lk1Qi7Mx40Trkl4N8OmE5bUupenztSOb1xX-MmJeNSx7wr6SOJrm0KyZHNaeVUUlxRrRFo1jemWD&sig=AOD64_0JeWiZfAAav4XG3jbN1Qa3EJwqkw&ctype=5&q=&nis=4&ved=2ahUKEwi8jISJ-dWDAxXrkokEHZ0-DJYQ9aACKAB6BAgCEF8&adurl=,9/8/2022,G2,Red Bull,2013,7,2023-09-13 01:34:47,0-4,63.77742,,CSGO,PGL CS2 Major,https://www.youtube.com/watch?v=dQw4w9WgXcQ,Copenhagen,4/10/2021,4/15/2021,Red Bull,Valve,red@fakecontact.org,4
David Wong,Austria,Aqua,12/5/1996,6,Tank,"Nitro 27""",Monitor,Acer,200,https://www.googleadservices.com/pagead/aclk?sa=L&ai=DChcSEwjr2oqJ-dWDAxUuZ0cBHWltDIwYABALGgJxdQ&ase=2&gclid=Cj0KCQiAwP6sBhDAARIsAPfK_wZiJ2RSZdydyvaJGfJGP6AAdb4d5WmeFSNlT5NtnnkU0kxwwXttLaEaAqKgEALw_wcB&ohost=www.google.com&cid=CAESVuD2VyIaI_4Jx4ZjPRufTaoLRvGIB5Oo1KmMRB57Lk1Qi7Mx40Trkl4N8OmE5bUupenztSOb1xX-MmJeNSx7wr6SOJrm0KyZHNaeVUUlxRrRFo1jemWD&sig=AOD64_1OZD2VVWl_wDHZ21vFQKlF-JOu0Q&ctype=5&q=&nis=4&ved=2ahUKEwi8jISJ-dWDAxXrkokEHZ0-DJYQ9aACKAB6BAgCEA8&adurl=,3/18/2019,G2,Red Bull,2013,7,2023-09-13 01:34:47,0-4,63.77742,,CSGO,PGL CS2 Major,https://www.youtube.com/watch?v=dQw4w9WgXcQ,Copenhagen,4/10/2021,4/15/2021,Red Bull,Valve,red@fakecontact.org,4
David Wong,Austria,Aqua,12/6/1996,7,Tank,Void,Headphones,Corsair,100,https://www.googleadservices.com/pagead/aclk?sa=L&ai=DChcSEwjr2oqJ-dWDAxUuZ0cBHWltDIwYABANGgJxdQ&ase=2&gclid=Cj0KCQiAwP6sBhDAARIsAPfK_wbgeJ4UQM0Dd29L--c620Y6wBpJ4nMFPkCMJCBYH9X1-uCdcrYAwUUaAkCCEALw_wcB&ohost=www.google.com&cid=CAESVuD2VyIaI_4Jx4ZjPRufTaoLRvGIB5Oo1KmMRB57Lk1Qi7Mx40Trkl4N8OmE5bUupenztSOb1xX-MmJeNSx7wr6SOJrm0KyZHNaeVUUlxRrRFo1jemWD&sig=AOD64_0JeWiZfAAav4XG3jbN1Qa3EJwqkw&ctype=5&q=&nis=4&ved=2ahUKEwi8jISJ-dWDAxXrkokEHZ0-DJYQ9aACKAB6BAgCEF8&adurl=,9/30/2018,G2,Red Bull,2013,7,2023-09-13 01:34:47,0-4,63.77742,,CSGO,PGL CS2 Major,https://www.youtube.com/watch?v=dQw4w9WgXcQ,Copenhagen,4/10/2021,4/15/2021,Red Bull,Valve,red@fakecontact.org,4
David Wong,Austria,Aqua,12/3/1996,4,Tank,Basilisk v3,Mouse,Razer,50,https://www.googleadservices.com/pagead/aclk?sa=L&ai=DChcSEwjr2oqJ-dWDAxUuZ0cBHWltDIwYABANGgJxdQ&ase=2&gclid=Cj0KCQiAwP6sBhDAARIsAPfK_wbgeJ4UQM0Dd29L--c620Y6wBpJ4nMFPkCMJCBYH9X1-uCdcrYAwUUaAkCCEALw_wcB&ohost=www.google.com&cid=CAESVuD2VyIaI_4Jx4ZjPRufTaoLRvGIB5Oo1KmMRB57Lk1Qi7Mx40Trkl4N8OmE5bUupenztSOb1xX-MmJeNSx7wr6SOJrm0KyZHNaeVUUlxRrRFo1jemWD&sig=AOD64_0JeWiZfAAav4XG3jbN1Qa3EJwqkw&ctype=5&q=&nis=4&ved=2ahUKEwi8jISJ-dWDAxXrkokEHZ0-DJYQ9aACKAB6BAgCEF8&adurl=,4/28/2019,G2,Red Bull,2013,10,2021-01-01 11:38:38,1-1,91.1106,,CSGO,PGL CS2 Major,https://www.youtube.com/watch?v=dQw4w9WgXcQ,Copenhagen,4/10/2021,4/15/2021,Red Bull,Valve,red@fakecontact.org,4
David Wong,Austria,Aqua,12/4/1996,5,Tank,Kraken Pro,Keyboard,Kraken Keyboards,119,https://www.googleadservices.com/pagead/aclk?sa=L&ai=DChcSEwjr2oqJ-dWDAxUuZ0cBHWltDIwYABANGgJxdQ&ase=2&gclid=Cj0KCQiAwP6sBhDAARIsAPfK_wbgeJ4UQM0Dd29L--c620Y6wBpJ4nMFPkCMJCBYH9X1-uCdcrYAwUUaAkCCEALw_wcB&ohost=www.google.com&cid=CAESVuD2VyIaI_4Jx4ZjPRufTaoLRvGIB5Oo1KmMRB57Lk1Qi7Mx40Trkl4N8OmE5bUupenztSOb1xX-MmJeNSx7wr6SOJrm0KyZHNaeVUUlxRrRFo1jemWD&sig=AOD64_0JeWiZfAAav4XG3jbN1Qa3EJwqkw&ctype=5&q=&nis=4&ved=2ahUKEwi8jISJ-dWDAxXrkokEHZ0-DJYQ9aACKAB6BAgCEF8&adurl=,9/8/2022,G2,Red Bull,2013,10,2021-01-01 11:38:38,1-1,91.1106,,CSGO,PGL CS2 Major,https://www.youtube.com/watch?v=dQw4w9WgXcQ,Copenhagen,4/10/2021,4/15/2021,Red Bull,Valve,red@fakecontact.org,4
David Wong,Austria,Aqua,12/5/1996,6,Tank,"Nitro 27""",Monitor,Acer,200,https://www.googleadservices.com/pagead/aclk?sa=L&ai=DChcSEwjr2oqJ-dWDAxUuZ0cBHWltDIwYABALGgJxdQ&ase=2&gclid=Cj0KCQiAwP6sBhDAARIsAPfK_wZiJ2RSZdydyvaJGfJGP6AAdb4d5WmeFSNlT5NtnnkU0kxwwXttLaEaAqKgEALw_wcB&ohost=www.google.com&cid=CAESVuD2VyIaI_4Jx4ZjPRufTaoLRvGIB5Oo1KmMRB57Lk1Qi7Mx40Trkl4N8OmE5bUupenztSOb1xX-MmJeNSx7wr6SOJrm0KyZHNaeVUUlxRrRFo1jemWD&sig=AOD64_1OZD2VVWl_wDHZ21vFQKlF-JOu0Q&ctype=5&q=&nis=4&ved=2ahUKEwi8jISJ-dWDAxXrkokEHZ0-DJYQ9aACKAB6BAgCEA8&adurl=,3/18/2019,G2,Red Bull,2013,10,2021-01-01 11:38:38,1-1,91.1106,,CSGO,PGL CS2 Major,https://www.youtube.com/watch?v=dQw4w9WgXcQ,Copenhagen,4/10/2021,4/15/2021,Red Bull,Valve,red@fakecontact.org,4
David Wong,Austria,Aqua,12/6/1996,7,Tank,Void,Headphones,Corsair,100,https://www.googleadservices.com/pagead/aclk?sa=L&ai=DChcSEwjr2oqJ-dWDAxUuZ0cBHWltDIwYABANGgJxdQ&ase=2&gclid=Cj0KCQiAwP6sBhDAARIsAPfK_wbgeJ4UQM0Dd29L--c620Y6wBpJ4nMFPkCMJCBYH9X1-uCdcrYAwUUaAkCCEALw_wcB&ohost=www.google.com&cid=CAESVuD2VyIaI_4Jx4ZjPRufTaoLRvGIB5Oo1KmMRB57Lk1Qi7Mx40Trkl4N8OmE5bUupenztSOb1xX-MmJeNSx7wr6SOJrm0KyZHNaeVUUlxRrRFo1jemWD&sig=AOD64_0JeWiZfAAav4XG3jbN1Qa3EJwqkw&ctype=5&q=&nis=4&ved=2ahUKEwi8jISJ-dWDAxXrkokEHZ0-DJYQ9aACKAB6BAgCEF8&adurl=,9/30/2018,G2,Red Bull,2013,10,2021-01-01 11:38:38,1-1,91.1106,,CSGO,PGL CS2 Major,https://www.youtube.com/watch?v=dQw4w9WgXcQ,Copenhagen,4/10/2021,4/15/2021,Red Bull,Valve,red@fakecontact.org,4
David Wong,Austria,Aqua,12/3/1996,4,Tank,Basilisk v3,Mouse,Razer,50,https://www.googleadservices.com/pagead/aclk?sa=L&ai=DChcSEwjr2oqJ-dWDAxUuZ0cBHWltDIwYABANGgJxdQ&ase=2&gclid=Cj0KCQiAwP6sBhDAARIsAPfK_wbgeJ4UQM0Dd29L--c620Y6wBpJ4nMFPkCMJCBYH9X1-uCdcrYAwUUaAkCCEALw_wcB&ohost=www.google.com&cid=CAESVuD2VyIaI_4Jx4ZjPRufTaoLRvGIB5Oo1KmMRB57Lk1Qi7Mx40Trkl4N8OmE5bUupenztSOb1xX-MmJeNSx7wr6SOJrm0KyZHNaeVUUlxRrRFo1jemWD&sig=AOD64_0JeWiZfAAav4XG3jbN1Qa3EJwqkw&ctype=5&q=&nis=4&ved=2ahUKEwi8jISJ-dWDAxXrkokEHZ0-DJYQ9aACKAB6BAgCEF8&adurl=,4/28/2019,G2,Red Bull,2013,6,2021-04-10 00:35:01,3-5,54.66636,,CSGO,PGL CS2 Major,https://www.youtube.com/watch?v=dQw4w9WgXcQ,Copenhagen,4/10/2021,4/15/2021,Red Bull,Valve,red@fakecontact.org,4
David Wong,Austria,Aqua,12/4/1996,5,Tank,Kraken Pro,Keyboard,Kraken Keyboards,119,https://www.googleadservices.com/pagead/aclk?sa=L&ai=DChcSEwjr2oqJ-dWDAxUuZ0cBHWltDIwYABANGgJxdQ&ase=2&gclid=Cj0KCQiAwP6sBhDAARIsAPfK_wbgeJ4UQM0Dd29L--c620Y6wBpJ4nMFPkCMJCBYH9X1-uCdcrYAwUUaAkCCEALw_wcB&ohost=www.google.com&cid=CAESVuD2VyIaI_4Jx4ZjPRufTaoLRvGIB5Oo1KmMRB57Lk1Qi7Mx40Trkl4N8OmE5bUupenztSOb1xX-MmJeNSx7wr6SOJrm0KyZHNaeVUUlxRrRFo1jemWD&sig=AOD64_0JeWiZfAAav4XG3jbN1Qa3EJwqkw&ctype=5&q=&nis=4&ved=2ahUKEwi8jISJ-dWDAxXrkokEHZ0-DJYQ9aACKAB6BAgCEF8&adurl=,9/8/2022,G2,Red Bull,2013,6,2021-04-10 00:35:01,3-5,54.66636,,CSGO,PGL CS2 Major,https://www.youtube.com/watch?v=dQw4w9WgXcQ,Copenhagen,4/10/2021,4/15/2021,Red Bull,Valve,red@fakecontact.org,4
David Wong,Austria,Aqua,12/5/1996,6,Tank,"Nitro 27""",Monitor,Acer,200,https://www.googleadservices.com/pagead/aclk?sa=L&ai=DChcSEwjr2oqJ-dWDAxUuZ0cBHWltDIwYABALGgJxdQ&ase=2&gclid=Cj0KCQiAwP6sBhDAARIsAPfK_wZiJ2RSZdydyvaJGfJGP6AAdb4d5WmeFSNlT5NtnnkU0kxwwXttLaEaAqKgEALw_wcB&ohost=www.google.com&cid=CAESVuD2VyIaI_4Jx4ZjPRufTaoLRvGIB5Oo1KmMRB57Lk1Qi7Mx40Trkl4N8OmE5bUupenztSOb1xX-MmJeNSx7wr6SOJrm0KyZHNaeVUUlxRrRFo1jemWD&sig=AOD64_1OZD2VVWl_wDHZ21vFQKlF-JOu0Q&ctype=5&q=&nis=4&ved=2ahUKEwi8jISJ-dWDAxXrkokEHZ0-DJYQ9aACKAB6BAgCEA8&adurl=,3/18/2019,G2,Red Bull,2013,6,2021-04-10 00:35:01,3-5,54.66636,,CSGO,PGL CS2 Major,https://www.youtube.com/watch?v=dQw4w9WgXcQ,Copenhagen,4/10/2021,4/15/2021,Red Bull,Valve,red@fakecontact.org,4
David Wong,Austria,Aqua,12/6/1996,7,Tank,Void,Headphones,Corsair,100,https://www.googleadservices.com/pagead/aclk?sa=L&ai=DChcSEwjr2oqJ-dWDAxUuZ0cBHWltDIwYABANGgJxdQ&ase=2&gclid=Cj0KCQiAwP6sBhDAARIsAPfK_wbgeJ4UQM0Dd29L--c620Y6wBpJ4nMFPkCMJCBYH9X1-uCdcrYAwUUaAkCCEALw_wcB&ohost=www.google.com&cid=CAESVuD2VyIaI_4Jx4ZjPRufTaoLRvGIB5Oo1KmMRB57Lk1Qi7Mx40Trkl4N8OmE5bUupenztSOb1xX-MmJeNSx7wr6SOJrm0KyZHNaeVUUlxRrRFo1jemWD&sig=AOD64_0JeWiZfAAav4XG3jbN1Qa3EJwqkw&ctype=5&q=&nis=4&ved=2ahUKEwi8jISJ-dWDAxXrkokEHZ0-DJYQ9aACKAB6BAgCEF8&adurl=,9/30/2018,G2,Red Bull,2013,6,2021-04-10 00:35:01,3-5,54.66636,,CSGO,PGL CS2 Major,https://www.youtube.com/watch?v=dQw4w9WgXcQ,Copenhagen,4/10/2021,4/15/2021,Red Bull,Valve,red@fakecontact.org,4
